teacher_id,teacher_name,subject,class_section,class_name,section,day_of_week,time_slot,room_number,student_count,teacher_availability
T001,Teacher_T001,Telugu,1th-A,1th,A,Monday,9:00 AM - 10:00 AM,Room 11,30,Yes
T017,Teacher_T017,Hindi,1th-A,1th,A,Monday,10:00 AM - 11:00 AM,Room 16,30,Yes
T007,Teacher_T007,English,1th-A,1th,A,Monday,11:00 AM - 12:00 AM,Room 5,30,Yes
T020,Teacher_T020,Maths,1th-A,1th,A,Monday,12:00 AM - 13:00 AM,Room 18,30,Yes
T010,Teacher_T010,Science,1th-A,1th,A,Monday,13:00 AM - 14:00 AM,Room 5,30,Yes
T007,Teacher_T007,Social,1th-A,1th,A,Monday,14:00 AM - 15:00 AM,Room 12,30,Yes
T015,Teacher_T015,Games,1th-A,1th,A,Monday,9:00 AM - 10:00 AM,Room 4,30,Yes
T001,Teacher_T001,Telugu,1th-A,1th,A,Tuesday,9:00 AM - 10:00 AM,Room 10,30,Yes
T003,Teacher_T003,Hindi,1th-A,1th,A,Tuesday,10:00 AM - 11:00 AM,Room 5,30,Yes
T007,Teacher_T007,English,1th-A,1th,A,Tuesday,11:00 AM - 12:00 AM,Room 14,30,Yes
T008,Teacher_T008,Maths,1th-A,1th,A,Tuesday,12:00 AM - 13:00 AM,Room 5,30,Yes
T021,Teacher_T021,Science,1th-A,1th,A,Tuesday,13:00 AM - 14:00 AM,Room 20,30,Yes
T007,Teacher_T007,Social,1th-A,1th,A,Tuesday,14:00 AM - 15:00 AM,Room 9,30,Yes
T015,Teacher_T015,Games,1th-A,1th,A,Tuesday,9:00 AM - 10:00 AM,Room 5,30,Yes
T002,Teacher_T002,Telugu,1th-A,1th,A,Wednesday,9:00 AM - 10:00 AM,Room 5,30,Yes
T003,Teacher_T003,Hindi,1th-A,1th,A,Wednesday,10:00 AM - 11:00 AM,Room 2,30,Yes
T007,Teacher_T007,English,1th-A,1th,A,Wednesday,11:00 AM - 12:00 AM,Room 15,30,Yes
T009,Teacher_T009,Maths,1th-A,1th,A,Wednesday,12:00 AM - 13:00 AM,Room 20,30,Yes
T011,Teacher_T011,Science,1th-A,1th,A,Wednesday,13:00 AM - 14:00 AM,Room 12,30,Yes
T014,Teacher_T014,Social,1th-A,1th,A,Wednesday,14:00 AM - 15:00 AM,Room 13,30,Yes
T015,Teacher_T015,Games,1th-A,1th,A,Wednesday,9:00 AM - 10:00 AM,Room 19,30,Yes
T016,Teacher_T016,Telugu,1th-A,1th,A,Thursday,9:00 AM - 10:00 AM,Room 17,30,Yes
T017,Teacher_T017,Hindi,1th-A,1th,A,Thursday,10:00 AM - 11:00 AM,Room 13,30,Yes
T007,Teacher_T007,English,1th-A,1th,A,Thursday,11:00 AM - 12:00 AM,Room 2,30,Yes
T020,Teacher_T020,Maths,1th-A,1th,A,Thursday,12:00 AM - 13:00 AM,Room 9,30,Yes
T010,Teacher_T010,Science,1th-A,1th,A,Thursday,13:00 AM - 14:00 AM,Room 19,30,Yes
T014,Teacher_T014,Social,1th-A,1th,A,Thursday,14:00 AM - 15:00 AM,Room 5,30,Yes
T025,Teacher_T025,Games,1th-A,1th,A,Thursday,9:00 AM - 10:00 AM,Room 13,30,Yes
T002,Teacher_T002,Telugu,1th-A,1th,A,Friday,9:00 AM - 10:00 AM,Room 6,30,Yes
T017,Teacher_T017,Hindi,1th-A,1th,A,Friday,10:00 AM - 11:00 AM,Room 5,30,Yes
T007,Teacher_T007,English,1th-A,1th,A,Friday,11:00 AM - 12:00 AM,Room 5,30,Yes
T008,Teacher_T008,Maths,1th-A,1th,A,Friday,12:00 AM - 13:00 AM,Room 8,30,Yes
T021,Teacher_T021,Science,1th-A,1th,A,Friday,13:00 AM - 14:00 AM,Room 7,30,Yes
T007,Teacher_T007,Social,1th-A,1th,A,Friday,14:00 AM - 15:00 AM,Room 8,30,Yes
T015,Teacher_T015,Games,1th-A,1th,A,Friday,9:00 AM - 10:00 AM,Room 10,30,Yes
T002,Teacher_T002,Telugu,1th-A,1th,A,Saturday,9:00 AM - 10:00 AM,Room 11,30,Yes
T004,Teacher_T004,Hindi,1th-A,1th,A,Saturday,10:00 AM - 11:00 AM,Room 13,30,Yes
T007,Teacher_T007,English,1th-A,1th,A,Saturday,11:00 AM - 12:00 AM,Room 16,30,Yes
T009,Teacher_T009,Maths,1th-A,1th,A,Saturday,12:00 AM - 13:00 AM,Room 6,30,Yes
T011,Teacher_T011,Science,1th-A,1th,A,Saturday,13:00 AM - 14:00 AM,Room 20,30,Yes
T014,Teacher_T014,Social,1th-A,1th,A,Saturday,14:00 AM - 15:00 AM,Room 15,30,Yes
T015,Teacher_T015,Games,1th-A,1th,A,Saturday,9:00 AM - 10:00 AM,Room 19,30,Yes
T016,Teacher_T016,Telugu,1th-B,1th,B,Monday,9:00 AM - 10:00 AM,Room 6,30,Yes
T004,Teacher_T004,Hindi,1th-B,1th,B,Monday,10:00 AM - 11:00 AM,Room 5,30,Yes
T007,Teacher_T007,English,1th-B,1th,B,Monday,11:00 AM - 12:00 AM,Room 4,30,Yes
T009,Teacher_T009,Maths,1th-B,1th,B,Monday,12:00 AM - 13:00 AM,Room 6,30,Yes
T010,Teacher_T010,Science,1th-B,1th,B,Monday,13:00 AM - 14:00 AM,Room 20,30,Yes
T007,Teacher_T007,Social,1th-B,1th,B,Monday,14:00 AM - 15:00 AM,Room 18,30,Yes
T025,Teacher_T025,Games,1th-B,1th,B,Monday,9:00 AM - 10:00 AM,Room 1,30,Yes
T016,Teacher_T016,Telugu,1th-B,1th,B,Tuesday,9:00 AM - 10:00 AM,Room 12,30,Yes
T004,Teacher_T004,Hindi,1th-B,1th,B,Tuesday,10:00 AM - 11:00 AM,Room 5,30,Yes
T007,Teacher_T007,English,1th-B,1th,B,Tuesday,11:00 AM - 12:00 AM,Room 6,30,Yes
T008,Teacher_T008,Maths,1th-B,1th,B,Tuesday,12:00 AM - 13:00 AM,Room 3,30,Yes
T010,Teacher_T010,Science,1th-B,1th,B,Tuesday,13:00 AM - 14:00 AM,Room 9,30,Yes
T024,Teacher_T024,Social,1th-B,1th,B,Tuesday,14:00 AM - 15:00 AM,Room 17,30,Yes
T015,Teacher_T015,Games,1th-B,1th,B,Tuesday,9:00 AM - 10:00 AM,Room 7,30,Yes
T002,Teacher_T002,Telugu,1th-B,1th,B,Wednesday,9:00 AM - 10:00 AM,Room 9,30,Yes
T017,Teacher_T017,Hindi,1th-B,1th,B,Wednesday,10:00 AM - 11:00 AM,Room 8,30,Yes
T007,Teacher_T007,English,1th-B,1th,B,Wednesday,11:00 AM - 12:00 AM,Room 15,30,Yes
T009,Teacher_T009,Maths,1th-B,1th,B,Wednesday,12:00 AM - 13:00 AM,Room 4,30,Yes
T011,Teacher_T011,Science,1th-B,1th,B,Wednesday,13:00 AM - 14:00 AM,Room 16,30,Yes
T007,Teacher_T007,Social,1th-B,1th,B,Wednesday,14:00 AM - 15:00 AM,Room 13,30,Yes
T015,Teacher_T015,Games,1th-B,1th,B,Wednesday,9:00 AM - 10:00 AM,Room 16,30,Yes
T016,Teacher_T016,Telugu,1th-B,1th,B,Thursday,9:00 AM - 10:00 AM,Room 2,30,Yes
T003,Teacher_T003,Hindi,1th-B,1th,B,Thursday,10:00 AM - 11:00 AM,Room 20,30,Yes
T007,Teacher_T007,English,1th-B,1th,B,Thursday,11:00 AM - 12:00 AM,Room 10,30,Yes
T009,Teacher_T009,Maths,1th-B,1th,B,Thursday,12:00 AM - 13:00 AM,Room 19,30,Yes
T021,Teacher_T021,Science,1th-B,1th,B,Thursday,13:00 AM - 14:00 AM,Room 9,30,Yes
T007,Teacher_T007,Social,1th-B,1th,B,Thursday,14:00 AM - 15:00 AM,Room 9,30,Yes
T025,Teacher_T025,Games,1th-B,1th,B,Thursday,9:00 AM - 10:00 AM,Room 20,30,Yes
T016,Teacher_T016,Telugu,1th-B,1th,B,Friday,9:00 AM - 10:00 AM,Room 1,30,Yes
T003,Teacher_T003,Hindi,1th-B,1th,B,Friday,10:00 AM - 11:00 AM,Room 6,30,Yes
T007,Teacher_T007,English,1th-B,1th,B,Friday,11:00 AM - 12:00 AM,Room 20,30,Yes
T008,Teacher_T008,Maths,1th-B,1th,B,Friday,12:00 AM - 13:00 AM,Room 7,30,Yes
T021,Teacher_T021,Science,1th-B,1th,B,Friday,13:00 AM - 14:00 AM,Room 13,30,Yes
T007,Teacher_T007,Social,1th-B,1th,B,Friday,14:00 AM - 15:00 AM,Room 4,30,Yes
T015,Teacher_T015,Games,1th-B,1th,B,Friday,9:00 AM - 10:00 AM,Room 12,30,Yes
T016,Teacher_T016,Telugu,1th-B,1th,B,Saturday,9:00 AM - 10:00 AM,Room 19,30,Yes
T017,Teacher_T017,Hindi,1th-B,1th,B,Saturday,10:00 AM - 11:00 AM,Room 19,30,Yes
T007,Teacher_T007,English,1th-B,1th,B,Saturday,11:00 AM - 12:00 AM,Room 7,30,Yes
T009,Teacher_T009,Maths,1th-B,1th,B,Saturday,12:00 AM - 13:00 AM,Room 3,30,Yes
T021,Teacher_T021,Science,1th-B,1th,B,Saturday,13:00 AM - 14:00 AM,Room 14,30,Yes
T014,Teacher_T014,Social,1th-B,1th,B,Saturday,14:00 AM - 15:00 AM,Room 17,30,Yes
T025,Teacher_T025,Games,1th-B,1th,B,Saturday,9:00 AM - 10:00 AM,Room 20,30,Yes
T002,Teacher_T002,Telugu,2th-A,2th,A,Monday,9:00 AM - 10:00 AM,Room 20,30,Yes
T004,Teacher_T004,Hindi,2th-A,2th,A,Monday,10:00 AM - 11:00 AM,Room 14,30,Yes
T007,Teacher_T007,English,2th-A,2th,A,Monday,11:00 AM - 12:00 AM,Room 10,30,Yes
T009,Teacher_T009,Maths,2th-A,2th,A,Monday,12:00 AM - 13:00 AM,Room 2,30,Yes
T021,Teacher_T021,Science,2th-A,2th,A,Monday,13:00 AM - 14:00 AM,Room 1,30,Yes
T014,Teacher_T014,Social,2th-A,2th,A,Monday,14:00 AM - 15:00 AM,Room 4,30,Yes
T015,Teacher_T015,Games,2th-A,2th,A,Monday,9:00 AM - 10:00 AM,Room 3,30,Yes
T016,Teacher_T016,Telugu,2th-A,2th,A,Tuesday,9:00 AM - 10:00 AM,Room 15,30,Yes
T017,Teacher_T017,Hindi,2th-A,2th,A,Tuesday,10:00 AM - 11:00 AM,Room 4,30,Yes
T007,Teacher_T007,English,2th-A,2th,A,Tuesday,11:00 AM - 12:00 AM,Room 17,30,Yes
T008,Teacher_T008,Maths,2th-A,2th,A,Tuesday,12:00 AM - 13:00 AM,Room 11,30,Yes
T010,Teacher_T010,Science,2th-A,2th,A,Tuesday,13:00 AM - 14:00 AM,Room 4,30,Yes
T014,Teacher_T014,Social,2th-A,2th,A,Tuesday,14:00 AM - 15:00 AM,Room 4,30,Yes
T025,Teacher_T025,Games,2th-A,2th,A,Tuesday,9:00 AM - 10:00 AM,Room 19,30,Yes
T016,Teacher_T016,Telugu,2th-A,2th,A,Wednesday,9:00 AM - 10:00 AM,Room 5,30,Yes
T017,Teacher_T017,Hindi,2th-A,2th,A,Wednesday,10:00 AM - 11:00 AM,Room 5,30,Yes
T007,Teacher_T007,English,2th-A,2th,A,Wednesday,11:00 AM - 12:00 AM,Room 16,30,Yes
T009,Teacher_T009,Maths,2th-A,2th,A,Wednesday,12:00 AM - 13:00 AM,Room 9,30,Yes
T010,Teacher_T010,Science,2th-A,2th,A,Wednesday,13:00 AM - 14:00 AM,Room 9,30,Yes
T014,Teacher_T014,Social,2th-A,2th,A,Wednesday,14:00 AM - 15:00 AM,Room 13,30,Yes
T025,Teacher_T025,Games,2th-A,2th,A,Wednesday,9:00 AM - 10:00 AM,Room 9,30,Yes
T016,Teacher_T016,Telugu,2th-A,2th,A,Thursday,9:00 AM - 10:00 AM,Room 8,30,Yes
T003,Teacher_T003,Hindi,2th-A,2th,A,Thursday,10:00 AM - 11:00 AM,Room 14,30,Yes
T007,Teacher_T007,English,2th-A,2th,A,Thursday,11:00 AM - 12:00 AM,Room 8,30,Yes
T020,Teacher_T020,Maths,2th-A,2th,A,Thursday,12:00 AM - 13:00 AM,Room 12,30,Yes
T010,Teacher_T010,Science,2th-A,2th,A,Thursday,13:00 AM - 14:00 AM,Room 13,30,Yes
T007,Teacher_T007,Social,2th-A,2th,A,Thursday,14:00 AM - 15:00 AM,Room 1,30,Yes
T025,Teacher_T025,Games,2th-A,2th,A,Thursday,9:00 AM - 10:00 AM,Room 8,30,Yes
T001,Teacher_T001,Telugu,2th-A,2th,A,Friday,9:00 AM - 10:00 AM,Room 2,30,Yes
T017,Teacher_T017,Hindi,2th-A,2th,A,Friday,10:00 AM - 11:00 AM,Room 5,30,Yes
T007,Teacher_T007,English,2th-A,2th,A,Friday,11:00 AM - 12:00 AM,Room 20,30,Yes
T008,Teacher_T008,Maths,2th-A,2th,A,Friday,12:00 AM - 13:00 AM,Room 11,30,Yes
T011,Teacher_T011,Science,2th-A,2th,A,Friday,13:00 AM - 14:00 AM,Room 19,30,Yes
T014,Teacher_T014,Social,2th-A,2th,A,Friday,14:00 AM - 15:00 AM,Room 13,30,Yes
T025,Teacher_T025,Games,2th-A,2th,A,Friday,9:00 AM - 10:00 AM,Room 4,30,Yes
T016,Teacher_T016,Telugu,2th-A,2th,A,Saturday,9:00 AM - 10:00 AM,Room 15,30,Yes
T003,Teacher_T003,Hindi,2th-A,2th,A,Saturday,10:00 AM - 11:00 AM,Room 20,30,Yes
T007,Teacher_T007,English,2th-A,2th,A,Saturday,11:00 AM - 12:00 AM,Room 16,30,Yes
T009,Teacher_T009,Maths,2th-A,2th,A,Saturday,12:00 AM - 13:00 AM,Room 16,30,Yes
T011,Teacher_T011,Science,2th-A,2th,A,Saturday,13:00 AM - 14:00 AM,Room 12,30,Yes
T024,Teacher_T024,Social,2th-A,2th,A,Saturday,14:00 AM - 15:00 AM,Room 19,30,Yes
T025,Teacher_T025,Games,2th-A,2th,A,Saturday,9:00 AM - 10:00 AM,Room 17,30,Yes
T002,Teacher_T002,Telugu,2th-B,2th,B,Monday,9:00 AM - 10:00 AM,Room 4,30,Yes
T017,Teacher_T017,Hindi,2th-B,2th,B,Monday,10:00 AM - 11:00 AM,Room 15,30,Yes
T007,Teacher_T007,English,2th-B,2th,B,Monday,11:00 AM - 12:00 AM,Room 6,30,Yes
T009,Teacher_T009,Maths,2th-B,2th,B,Monday,12:00 AM - 13:00 AM,Room 10,30,Yes
T010,Teacher_T010,Science,2th-B,2th,B,Monday,13:00 AM - 14:00 AM,Room 4,30,Yes
T014,Teacher_T014,Social,2th-B,2th,B,Monday,14:00 AM - 15:00 AM,Room 18,30,Yes
T015,Teacher_T015,Games,2th-B,2th,B,Monday,9:00 AM - 10:00 AM,Room 10,30,Yes
T001,Teacher_T001,Telugu,2th-B,2th,B,Tuesday,9:00 AM - 10:00 AM,Room 7,30,Yes
T003,Teacher_T003,Hindi,2th-B,2th,B,Tuesday,10:00 AM - 11:00 AM,Room 5,30,Yes
T007,Teacher_T007,English,2th-B,2th,B,Tuesday,11:00 AM - 12:00 AM,Room 18,30,Yes
T008,Teacher_T008,Maths,2th-B,2th,B,Tuesday,12:00 AM - 13:00 AM,Room 1,30,Yes
T011,Teacher_T011,Science,2th-B,2th,B,Tuesday,13:00 AM - 14:00 AM,Room 10,30,Yes
T024,Teacher_T024,Social,2th-B,2th,B,Tuesday,14:00 AM - 15:00 AM,Room 14,30,Yes
T015,Teacher_T015,Games,2th-B,2th,B,Tuesday,9:00 AM - 10:00 AM,Room 8,30,Yes
T002,Teacher_T002,Telugu,2th-B,2th,B,Wednesday,9:00 AM - 10:00 AM,Room 16,30,Yes
T017,Teacher_T017,Hindi,2th-B,2th,B,Wednesday,10:00 AM - 11:00 AM,Room 17,30,Yes
T007,Teacher_T007,English,2th-B,2th,B,Wednesday,11:00 AM - 12:00 AM,Room 16,30,Yes
T008,Teacher_T008,Maths,2th-B,2th,B,Wednesday,12:00 AM - 13:00 AM,Room 20,30,Yes
T021,Teacher_T021,Science,2th-B,2th,B,Wednesday,13:00 AM - 14:00 AM,Room 18,30,Yes
T024,Teacher_T024,Social,2th-B,2th,B,Wednesday,14:00 AM - 15:00 AM,Room 5,30,Yes
T025,Teacher_T025,Games,2th-B,2th,B,Wednesday,9:00 AM - 10:00 AM,Room 2,30,Yes
T016,Teacher_T016,Telugu,2th-B,2th,B,Thursday,9:00 AM - 10:00 AM,Room 9,30,Yes
T017,Teacher_T017,Hindi,2th-B,2th,B,Thursday,10:00 AM - 11:00 AM,Room 19,30,Yes
T007,Teacher_T007,English,2th-B,2th,B,Thursday,11:00 AM - 12:00 AM,Room 10,30,Yes
T020,Teacher_T020,Maths,2th-B,2th,B,Thursday,12:00 AM - 13:00 AM,Room 1,30,Yes
T010,Teacher_T010,Science,2th-B,2th,B,Thursday,13:00 AM - 14:00 AM,Room 20,30,Yes
T007,Teacher_T007,Social,2th-B,2th,B,Thursday,14:00 AM - 15:00 AM,Room 8,30,Yes
T015,Teacher_T015,Games,2th-B,2th,B,Thursday,9:00 AM - 10:00 AM,Room 17,30,Yes
T016,Teacher_T016,Telugu,2th-B,2th,B,Friday,9:00 AM - 10:00 AM,Room 10,30,Yes
T017,Teacher_T017,Hindi,2th-B,2th,B,Friday,10:00 AM - 11:00 AM,Room 2,30,Yes
T007,Teacher_T007,English,2th-B,2th,B,Friday,11:00 AM - 12:00 AM,Room 14,30,Yes
T009,Teacher_T009,Maths,2th-B,2th,B,Friday,12:00 AM - 13:00 AM,Room 2,30,Yes
T010,Teacher_T010,Science,2th-B,2th,B,Friday,13:00 AM - 14:00 AM,Room 12,30,Yes
T014,Teacher_T014,Social,2th-B,2th,B,Friday,14:00 AM - 15:00 AM,Room 2,30,Yes
T025,Teacher_T025,Games,2th-B,2th,B,Friday,9:00 AM - 10:00 AM,Room 12,30,Yes
T001,Teacher_T001,Telugu,2th-B,2th,B,Saturday,9:00 AM - 10:00 AM,Room 9,30,Yes
T003,Teacher_T003,Hindi,2th-B,2th,B,Saturday,10:00 AM - 11:00 AM,Room 7,30,Yes
T007,Teacher_T007,English,2th-B,2th,B,Saturday,11:00 AM - 12:00 AM,Room 12,30,Yes
T008,Teacher_T008,Maths,2th-B,2th,B,Saturday,12:00 AM - 13:00 AM,Room 14,30,Yes
T021,Teacher_T021,Science,2th-B,2th,B,Saturday,13:00 AM - 14:00 AM,Room 17,30,Yes
T024,Teacher_T024,Social,2th-B,2th,B,Saturday,14:00 AM - 15:00 AM,Room 13,30,Yes
T015,Teacher_T015,Games,2th-B,2th,B,Saturday,9:00 AM - 10:00 AM,Room 19,30,Yes
T002,Teacher_T002,Telugu,3th-A,3th,A,Monday,9:00 AM - 10:00 AM,Room 6,30,Yes
T004,Teacher_T004,Hindi,3th-A,3th,A,Monday,10:00 AM - 11:00 AM,Room 17,30,Yes
T007,Teacher_T007,English,3th-A,3th,A,Monday,11:00 AM - 12:00 AM,Room 19,30,Yes
T008,Teacher_T008,Maths,3th-A,3th,A,Monday,12:00 AM - 13:00 AM,Room 17,30,Yes
T021,Teacher_T021,Science,3th-A,3th,A,Monday,13:00 AM - 14:00 AM,Room 8,30,Yes
T014,Teacher_T014,Social,3th-A,3th,A,Monday,14:00 AM - 15:00 AM,Room 12,30,Yes
T015,Teacher_T015,Games,3th-A,3th,A,Monday,9:00 AM - 10:00 AM,Room 14,30,Yes
T016,Teacher_T016,Telugu,3th-A,3th,A,Tuesday,9:00 AM - 10:00 AM,Room 12,30,Yes
T017,Teacher_T017,Hindi,3th-A,3th,A,Tuesday,10:00 AM - 11:00 AM,Room 14,30,Yes
T007,Teacher_T007,English,3th-A,3th,A,Tuesday,11:00 AM - 12:00 AM,Room 13,30,Yes
T020,Teacher_T020,Maths,3th-A,3th,A,Tuesday,12:00 AM - 13:00 AM,Room 17,30,Yes
T021,Teacher_T021,Science,3th-A,3th,A,Tuesday,13:00 AM - 14:00 AM,Room 15,30,Yes
T007,Teacher_T007,Social,3th-A,3th,A,Tuesday,14:00 AM - 15:00 AM,Room 18,30,Yes
T025,Teacher_T025,Games,3th-A,3th,A,Tuesday,9:00 AM - 10:00 AM,Room 9,30,Yes
T016,Teacher_T016,Telugu,3th-A,3th,A,Wednesday,9:00 AM - 10:00 AM,Room 9,30,Yes
T017,Teacher_T017,Hindi,3th-A,3th,A,Wednesday,10:00 AM - 11:00 AM,Room 18,30,Yes
T007,Teacher_T007,English,3th-A,3th,A,Wednesday,11:00 AM - 12:00 AM,Room 12,30,Yes
T020,Teacher_T020,Maths,3th-A,3th,A,Wednesday,12:00 AM - 13:00 AM,Room 16,30,Yes
T010,Teacher_T010,Science,3th-A,3th,A,Wednesday,13:00 AM - 14:00 AM,Room 8,30,Yes
T007,Teacher_T007,Social,3th-A,3th,A,Wednesday,14:00 AM - 15:00 AM,Room 13,30,Yes
T025,Teacher_T025,Games,3th-A,3th,A,Wednesday,9:00 AM - 10:00 AM,Room 3,30,Yes
T001,Teacher_T001,Telugu,3th-A,3th,A,Thursday,9:00 AM - 10:00 AM,Room 1,30,Yes
T003,Teacher_T003,Hindi,3th-A,3th,A,Thursday,10:00 AM - 11:00 AM,Room 15,30,Yes
T007,Teacher_T007,English,3th-A,3th,A,Thursday,11:00 AM - 12:00 AM,Room 11,30,Yes
T008,Teacher_T008,Maths,3th-A,3th,A,Thursday,12:00 AM - 13:00 AM,Room 15,30,Yes
T010,Teacher_T010,Science,3th-A,3th,A,Thursday,13:00 AM - 14:00 AM,Room 1,30,Yes
T024,Teacher_T024,Social,3th-A,3th,A,Thursday,14:00 AM - 15:00 AM,Room 9,30,Yes
T015,Teacher_T015,Games,3th-A,3th,A,Thursday,9:00 AM - 10:00 AM,Room 12,30,Yes
T001,Teacher_T001,Telugu,3th-A,3th,A,Friday,9:00 AM - 10:00 AM,Room 3,30,Yes
T017,Teacher_T017,Hindi,3th-A,3th,A,Friday,10:00 AM - 11:00 AM,Room 10,30,Yes
T007,Teacher_T007,English,3th-A,3th,A,Friday,11:00 AM - 12:00 AM,Room 5,30,Yes
T009,Teacher_T009,Maths,3th-A,3th,A,Friday,12:00 AM - 13:00 AM,Room 12,30,Yes
T011,Teacher_T011,Science,3th-A,3th,A,Friday,13:00 AM - 14:00 AM,Room 17,30,Yes
T007,Teacher_T007,Social,3th-A,3th,A,Friday,14:00 AM - 15:00 AM,Room 6,30,Yes
T015,Teacher_T015,Games,3th-A,3th,A,Friday,9:00 AM - 10:00 AM,Room 6,30,Yes
T001,Teacher_T001,Telugu,3th-A,3th,A,Saturday,9:00 AM - 10:00 AM,Room 4,30,Yes
T004,Teacher_T004,Hindi,3th-A,3th,A,Saturday,10:00 AM - 11:00 AM,Room 14,30,Yes
T007,Teacher_T007,English,3th-A,3th,A,Saturday,11:00 AM - 12:00 AM,Room 12,30,Yes
T020,Teacher_T020,Maths,3th-A,3th,A,Saturday,12:00 AM - 13:00 AM,Room 16,30,Yes
T010,Teacher_T010,Science,3th-A,3th,A,Saturday,13:00 AM - 14:00 AM,Room 9,30,Yes
T014,Teacher_T014,Social,3th-A,3th,A,Saturday,14:00 AM - 15:00 AM,Room 15,30,Yes
T025,Teacher_T025,Games,3th-A,3th,A,Saturday,9:00 AM - 10:00 AM,Room 2,30,Yes
T016,Teacher_T016,Telugu,3th-B,3th,B,Monday,9:00 AM - 10:00 AM,Room 10,30,Yes
T017,Teacher_T017,Hindi,3th-B,3th,B,Monday,10:00 AM - 11:00 AM,Room 14,30,Yes
T007,Teacher_T007,English,3th-B,3th,B,Monday,11:00 AM - 12:00 AM,Room 14,30,Yes
T020,Teacher_T020,Maths,3th-B,3th,B,Monday,12:00 AM - 13:00 AM,Room 9,30,Yes
T011,Teacher_T011,Science,3th-B,3th,B,Monday,13:00 AM - 14:00 AM,Room 17,30,Yes
T007,Teacher_T007,Social,3th-B,3th,B,Monday,14:00 AM - 15:00 AM,Room 4,30,Yes
T015,Teacher_T015,Games,3th-B,3th,B,Monday,9:00 AM - 10:00 AM,Room 19,30,Yes
T001,Teacher_T001,Telugu,3th-B,3th,B,Tuesday,9:00 AM - 10:00 AM,Room 10,30,Yes
T003,Teacher_T003,Hindi,3th-B,3th,B,Tuesday,10:00 AM - 11:00 AM,Room 2,30,Yes
T007,Teacher_T007,English,3th-B,3th,B,Tuesday,11:00 AM - 12:00 AM,Room 2,30,Yes
T020,Teacher_T020,Maths,3th-B,3th,B,Tuesday,12:00 AM - 13:00 AM,Room 10,30,Yes
T011,Teacher_T011,Science,3th-B,3th,B,Tuesday,13:00 AM - 14:00 AM,Room 20,30,Yes
T007,Teacher_T007,Social,3th-B,3th,B,Tuesday,14:00 AM - 15:00 AM,Room 14,30,Yes
T015,Teacher_T015,Games,3th-B,3th,B,Tuesday,9:00 AM - 10:00 AM,Room 6,30,Yes
T016,Teacher_T016,Telugu,3th-B,3th,B,Wednesday,9:00 AM - 10:00 AM,Room 7,30,Yes
T017,Teacher_T017,Hindi,3th-B,3th,B,Wednesday,10:00 AM - 11:00 AM,Room 11,30,Yes
T007,Teacher_T007,English,3th-B,3th,B,Wednesday,11:00 AM - 12:00 AM,Room 6,30,Yes
T008,Teacher_T008,Maths,3th-B,3th,B,Wednesday,12:00 AM - 13:00 AM,Room 16,30,Yes
T010,Teacher_T010,Science,3th-B,3th,B,Wednesday,13:00 AM - 14:00 AM,Room 6,30,Yes
T024,Teacher_T024,Social,3th-B,3th,B,Wednesday,14:00 AM - 15:00 AM,Room 6,30,Yes
T025,Teacher_T025,Games,3th-B,3th,B,Wednesday,9:00 AM - 10:00 AM,Room 19,30,Yes
T001,Teacher_T001,Telugu,3th-B,3th,B,Thursday,9:00 AM - 10:00 AM,Room 2,30,Yes
T017,Teacher_T017,Hindi,3th-B,3th,B,Thursday,10:00 AM - 11:00 AM,Room 20,30,Yes
T007,Teacher_T007,English,3th-B,3th,B,Thursday,11:00 AM - 12:00 AM,Room 10,30,Yes
T009,Teacher_T009,Maths,3th-B,3th,B,Thursday,12:00 AM - 13:00 AM,Room 13,30,Yes
T010,Teacher_T010,Science,3th-B,3th,B,Thursday,13:00 AM - 14:00 AM,Room 18,30,Yes
T024,Teacher_T024,Social,3th-B,3th,B,Thursday,14:00 AM - 15:00 AM,Room 6,30,Yes
T025,Teacher_T025,Games,3th-B,3th,B,Thursday,9:00 AM - 10:00 AM,Room 2,30,Yes
T001,Teacher_T001,Telugu,3th-B,3th,B,Friday,9:00 AM - 10:00 AM,Room 7,30,Yes
T004,Teacher_T004,Hindi,3th-B,3th,B,Friday,10:00 AM - 11:00 AM,Room 6,30,Yes
T007,Teacher_T007,English,3th-B,3th,B,Friday,11:00 AM - 12:00 AM,Room 5,30,Yes
T009,Teacher_T009,Maths,3th-B,3th,B,Friday,12:00 AM - 13:00 AM,Room 7,30,Yes
T010,Teacher_T010,Science,3th-B,3th,B,Friday,13:00 AM - 14:00 AM,Room 17,30,Yes
T014,Teacher_T014,Social,3th-B,3th,B,Friday,14:00 AM - 15:00 AM,Room 2,30,Yes
T025,Teacher_T025,Games,3th-B,3th,B,Friday,9:00 AM - 10:00 AM,Room 7,30,Yes
T001,Teacher_T001,Telugu,3th-B,3th,B,Saturday,9:00 AM - 10:00 AM,Room 11,30,Yes
T003,Teacher_T003,Hindi,3th-B,3th,B,Saturday,10:00 AM - 11:00 AM,Room 10,30,Yes
T007,Teacher_T007,English,3th-B,3th,B,Saturday,11:00 AM - 12:00 AM,Room 2,30,Yes
T008,Teacher_T008,Maths,3th-B,3th,B,Saturday,12:00 AM - 13:00 AM,Room 16,30,Yes
T011,Teacher_T011,Science,3th-B,3th,B,Saturday,13:00 AM - 14:00 AM,Room 20,30,Yes
T007,Teacher_T007,Social,3th-B,3th,B,Saturday,14:00 AM - 15:00 AM,Room 20,30,Yes
T025,Teacher_T025,Games,3th-B,3th,B,Saturday,9:00 AM - 10:00 AM,Room 5,30,Yes
T016,Teacher_T016,Telugu,4th-A,4th,A,Monday,9:00 AM - 10:00 AM,Room 5,30,Yes
T004,Teacher_T004,Hindi,4th-A,4th,A,Monday,10:00 AM - 11:00 AM,Room 12,30,Yes
T018,Teacher_T018,English,4th-A,4th,A,Monday,11:00 AM - 12:00 AM,Room 8,30,Yes
T009,Teacher_T009,Maths,4th-A,4th,A,Monday,12:00 AM - 13:00 AM,Room 5,30,Yes
T011,Teacher_T011,Science,4th-A,4th,A,Monday,13:00 AM - 14:00 AM,Room 19,30,Yes
T007,Teacher_T007,Social,4th-A,4th,A,Monday,14:00 AM - 15:00 AM,Room 18,30,Yes
T015,Teacher_T015,Games,4th-A,4th,A,Monday,9:00 AM - 10:00 AM,Room 11,30,Yes
T002,Teacher_T002,Telugu,4th-A,4th,A,Tuesday,9:00 AM - 10:00 AM,Room 11,30,Yes
T003,Teacher_T003,Hindi,4th-A,4th,A,Tuesday,10:00 AM - 11:00 AM,Room 3,30,Yes
T005,Teacher_T005,English,4th-A,4th,A,Tuesday,11:00 AM - 12:00 AM,Room 3,30,Yes
T009,Teacher_T009,Maths,4th-A,4th,A,Tuesday,12:00 AM - 13:00 AM,Room 4,30,Yes
T021,Teacher_T021,Science,4th-A,4th,A,Tuesday,13:00 AM - 14:00 AM,Room 15,30,Yes
T007,Teacher_T007,Social,4th-A,4th,A,Tuesday,14:00 AM - 15:00 AM,Room 16,30,Yes
T025,Teacher_T025,Games,4th-A,4th,A,Tuesday,9:00 AM - 10:00 AM,Room 7,30,Yes
T002,Teacher_T002,Telugu,4th-A,4th,A,Wednesday,9:00 AM - 10:00 AM,Room 15,30,Yes
T003,Teacher_T003,Hindi,4th-A,4th,A,Wednesday,10:00 AM - 11:00 AM,Room 11,30,Yes
T006,Teacher_T006,English,4th-A,4th,A,Wednesday,11:00 AM - 12:00 AM,Room 12,30,Yes
T008,Teacher_T008,Maths,4th-A,4th,A,Wednesday,12:00 AM - 13:00 AM,Room 5,30,Yes
T021,Teacher_T021,Science,4th-A,4th,A,Wednesday,13:00 AM - 14:00 AM,Room 18,30,Yes
T024,Teacher_T024,Social,4th-A,4th,A,Wednesday,14:00 AM - 15:00 AM,Room 13,30,Yes
T025,Teacher_T025,Games,4th-A,4th,A,Wednesday,9:00 AM - 10:00 AM,Room 7,30,Yes
T001,Teacher_T001,Telugu,4th-A,4th,A,Thursday,9:00 AM - 10:00 AM,Room 10,30,Yes
T003,Teacher_T003,Hindi,4th-A,4th,A,Thursday,10:00 AM - 11:00 AM,Room 3,30,Yes
T006,Teacher_T006,English,4th-A,4th,A,Thursday,11:00 AM - 12:00 AM,Room 2,30,Yes
T008,Teacher_T008,Maths,4th-A,4th,A,Thursday,12:00 AM - 13:00 AM,Room 10,30,Yes
T010,Teacher_T010,Science,4th-A,4th,A,Thursday,13:00 AM - 14:00 AM,Room 14,30,Yes
T007,Teacher_T007,Social,4th-A,4th,A,Thursday,14:00 AM - 15:00 AM,Room 8,30,Yes
T025,Teacher_T025,Games,4th-A,4th,A,Thursday,9:00 AM - 10:00 AM,Room 20,30,Yes
T001,Teacher_T001,Telugu,4th-A,4th,A,Friday,9:00 AM - 10:00 AM,Room 20,30,Yes
T003,Teacher_T003,Hindi,4th-A,4th,A,Friday,10:00 AM - 11:00 AM,Room 18,30,Yes
T019,Teacher_T019,English,4th-A,4th,A,Friday,11:00 AM - 12:00 AM,Room 1,30,Yes
T009,Teacher_T009,Maths,4th-A,4th,A,Friday,12:00 AM - 13:00 AM,Room 12,30,Yes
T011,Teacher_T011,Science,4th-A,4th,A,Friday,13:00 AM - 14:00 AM,Room 18,30,Yes
T007,Teacher_T007,Social,4th-A,4th,A,Friday,14:00 AM - 15:00 AM,Room 12,30,Yes
T025,Teacher_T025,Games,4th-A,4th,A,Friday,9:00 AM - 10:00 AM,Room 1,30,Yes
T001,Teacher_T001,Telugu,4th-A,4th,A,Saturday,9:00 AM - 10:00 AM,Room 12,30,Yes
T017,Teacher_T017,Hindi,4th-A,4th,A,Saturday,10:00 AM - 11:00 AM,Room 4,30,Yes
T006,Teacher_T006,English,4th-A,4th,A,Saturday,11:00 AM - 12:00 AM,Room 2,30,Yes
T009,Teacher_T009,Maths,4th-A,4th,A,Saturday,12:00 AM - 13:00 AM,Room 2,30,Yes
T010,Teacher_T010,Science,4th-A,4th,A,Saturday,13:00 AM - 14:00 AM,Room 12,30,Yes
T024,Teacher_T024,Social,4th-A,4th,A,Saturday,14:00 AM - 15:00 AM,Room 15,30,Yes
T025,Teacher_T025,Games,4th-A,4th,A,Saturday,9:00 AM - 10:00 AM,Room 7,30,Yes
T002,Teacher_T002,Telugu,4th-B,4th,B,Monday,9:00 AM - 10:00 AM,Room 14,30,Yes
T003,Teacher_T003,Hindi,4th-B,4th,B,Monday,10:00 AM - 11:00 AM,Room 20,30,Yes
T019,Teacher_T019,English,4th-B,4th,B,Monday,11:00 AM - 12:00 AM,Room 11,30,Yes
T009,Teacher_T009,Maths,4th-B,4th,B,Monday,12:00 AM - 13:00 AM,Room 8,30,Yes
T010,Teacher_T010,Science,4th-B,4th,B,Monday,13:00 AM - 14:00 AM,Room 9,30,Yes
T024,Teacher_T024,Social,4th-B,4th,B,Monday,14:00 AM - 15:00 AM,Room 9,30,Yes
T015,Teacher_T015,Games,4th-B,4th,B,Monday,9:00 AM - 10:00 AM,Room 2,30,Yes
T001,Teacher_T001,Telugu,4th-B,4th,B,Tuesday,9:00 AM - 10:00 AM,Room 13,30,Yes
T004,Teacher_T004,Hindi,4th-B,4th,B,Tuesday,10:00 AM - 11:00 AM,Room 4,30,Yes
T005,Teacher_T005,English,4th-B,4th,B,Tuesday,11:00 AM - 12:00 AM,Room 20,30,Yes
T009,Teacher_T009,Maths,4th-B,4th,B,Tuesday,12:00 AM - 13:00 AM,Room 14,30,Yes
T021,Teacher_T021,Science,4th-B,4th,B,Tuesday,13:00 AM - 14:00 AM,Room 18,30,Yes
T024,Teacher_T024,Social,4th-B,4th,B,Tuesday,14:00 AM - 15:00 AM,Room 6,30,Yes
T025,Teacher_T025,Games,4th-B,4th,B,Tuesday,9:00 AM - 10:00 AM,Room 2,30,Yes
T002,Teacher_T002,Telugu,4th-B,4th,B,Wednesday,9:00 AM - 10:00 AM,Room 17,30,Yes
T004,Teacher_T004,Hindi,4th-B,4th,B,Wednesday,10:00 AM - 11:00 AM,Room 18,30,Yes
T019,Teacher_T019,English,4th-B,4th,B,Wednesday,11:00 AM - 12:00 AM,Room 8,30,Yes
T009,Teacher_T009,Maths,4th-B,4th,B,Wednesday,12:00 AM - 13:00 AM,Room 4,30,Yes
T010,Teacher_T010,Science,4th-B,4th,B,Wednesday,13:00 AM - 14:00 AM,Room 17,30,Yes
T007,Teacher_T007,Social,4th-B,4th,B,Wednesday,14:00 AM - 15:00 AM,Room 15,30,Yes
T025,Teacher_T025,Games,4th-B,4th,B,Wednesday,9:00 AM - 10:00 AM,Room 15,30,Yes
T016,Teacher_T016,Telugu,4th-B,4th,B,Thursday,9:00 AM - 10:00 AM,Room 18,30,Yes
T003,Teacher_T003,Hindi,4th-B,4th,B,Thursday,10:00 AM - 11:00 AM,Room 13,30,Yes
T018,Teacher_T018,English,4th-B,4th,B,Thursday,11:00 AM - 12:00 AM,Room 19,30,Yes
T008,Teacher_T008,Maths,4th-B,4th,B,Thursday,12:00 AM - 13:00 AM,Room 1,30,Yes
T010,Teacher_T010,Science,4th-B,4th,B,Thursday,13:00 AM - 14:00 AM,Room 17,30,Yes
T014,Teacher_T014,Social,4th-B,4th,B,Thursday,14:00 AM - 15:00 AM,Room 4,30,Yes
T015,Teacher_T015,Games,4th-B,4th,B,Thursday,9:00 AM - 10:00 AM,Room 13,30,Yes
T002,Teacher_T002,Telugu,4th-B,4th,B,Friday,9:00 AM - 10:00 AM,Room 18,30,Yes
T017,Teacher_T017,Hindi,4th-B,4th,B,Friday,10:00 AM - 11:00 AM,Room 14,30,Yes
T006,Teacher_T006,English,4th-B,4th,B,Friday,11:00 AM - 12:00 AM,Room 13,30,Yes
T020,Teacher_T020,Maths,4th-B,4th,B,Friday,12:00 AM - 13:00 AM,Room 9,30,Yes
T021,Teacher_T021,Science,4th-B,4th,B,Friday,13:00 AM - 14:00 AM,Room 6,30,Yes
T007,Teacher_T007,Social,4th-B,4th,B,Friday,14:00 AM - 15:00 AM,Room 11,30,Yes
T025,Teacher_T025,Games,4th-B,4th,B,Friday,9:00 AM - 10:00 AM,Room 9,30,Yes
T002,Teacher_T002,Telugu,4th-B,4th,B,Saturday,9:00 AM - 10:00 AM,Room 20,30,Yes
T004,Teacher_T004,Hindi,4th-B,4th,B,Saturday,10:00 AM - 11:00 AM,Room 17,30,Yes
T006,Teacher_T006,English,4th-B,4th,B,Saturday,11:00 AM - 12:00 AM,Room 19,30,Yes
T009,Teacher_T009,Maths,4th-B,4th,B,Saturday,12:00 AM - 13:00 AM,Room 10,30,Yes
T021,Teacher_T021,Science,4th-B,4th,B,Saturday,13:00 AM - 14:00 AM,Room 11,30,Yes
T007,Teacher_T007,Social,4th-B,4th,B,Saturday,14:00 AM - 15:00 AM,Room 18,30,Yes
T025,Teacher_T025,Games,4th-B,4th,B,Saturday,9:00 AM - 10:00 AM,Room 16,30,Yes
T001,Teacher_T001,Telugu,5th-A,5th,A,Monday,9:00 AM - 10:00 AM,Room 8,30,Yes
T003,Teacher_T003,Hindi,5th-A,5th,A,Monday,10:00 AM - 11:00 AM,Room 13,30,Yes
T005,Teacher_T005,English,5th-A,5th,A,Monday,11:00 AM - 12:00 AM,Room 9,30,Yes
T009,Teacher_T009,Maths,5th-A,5th,A,Monday,12:00 AM - 13:00 AM,Room 8,30,Yes
T011,Teacher_T011,Science,5th-A,5th,A,Monday,13:00 AM - 14:00 AM,Room 7,30,Yes
T014,Teacher_T014,Social,5th-A,5th,A,Monday,14:00 AM - 15:00 AM,Room 1,30,Yes
T025,Teacher_T025,Games,5th-A,5th,A,Monday,9:00 AM - 10:00 AM,Room 14,30,Yes
T001,Teacher_T001,Telugu,5th-A,5th,A,Tuesday,9:00 AM - 10:00 AM,Room 6,30,Yes
T003,Teacher_T003,Hindi,5th-A,5th,A,Tuesday,10:00 AM - 11:00 AM,Room 3,30,Yes
T018,Teacher_T018,English,5th-A,5th,A,Tuesday,11:00 AM - 12:00 AM,Room 3,30,Yes
T020,Teacher_T020,Maths,5th-A,5th,A,Tuesday,12:00 AM - 13:00 AM,Room 16,30,Yes
T021,Teacher_T021,Science,5th-A,5th,A,Tuesday,13:00 AM - 14:00 AM,Room 15,30,Yes
T024,Teacher_T024,Social,5th-A,5th,A,Tuesday,14:00 AM - 15:00 AM,Room 8,30,Yes
T025,Teacher_T025,Games,5th-A,5th,A,Tuesday,9:00 AM - 10:00 AM,Room 7,30,Yes
T016,Teacher_T016,Telugu,5th-A,5th,A,Wednesday,9:00 AM - 10:00 AM,Room 9,30,Yes
T003,Teacher_T003,Hindi,5th-A,5th,A,Wednesday,10:00 AM - 11:00 AM,Room 15,30,Yes
T018,Teacher_T018,English,5th-A,5th,A,Wednesday,11:00 AM - 12:00 AM,Room 4,30,Yes
T020,Teacher_T020,Maths,5th-A,5th,A,Wednesday,12:00 AM - 13:00 AM,Room 10,30,Yes
T021,Teacher_T021,Science,5th-A,5th,A,Wednesday,13:00 AM - 14:00 AM,Room 20,30,Yes
T007,Teacher_T007,Social,5th-A,5th,A,Wednesday,14:00 AM - 15:00 AM,Room 4,30,Yes
T015,Teacher_T015,Games,5th-A,5th,A,Wednesday,9:00 AM - 10:00 AM,Room 19,30,Yes
T016,Teacher_T016,Telugu,5th-A,5th,A,Thursday,9:00 AM - 10:00 AM,Room 12,30,Yes
T003,Teacher_T003,Hindi,5th-A,5th,A,Thursday,10:00 AM - 11:00 AM,Room 12,30,Yes
T005,Teacher_T005,English,5th-A,5th,A,Thursday,11:00 AM - 12:00 AM,Room 4,30,Yes
T008,Teacher_T008,Maths,5th-A,5th,A,Thursday,12:00 AM - 13:00 AM,Room 16,30,Yes
T021,Teacher_T021,Science,5th-A,5th,A,Thursday,13:00 AM - 14:00 AM,Room 11,30,Yes
T007,Teacher_T007,Social,5th-A,5th,A,Thursday,14:00 AM - 15:00 AM,Room 17,30,Yes
T015,Teacher_T015,Games,5th-A,5th,A,Thursday,9:00 AM - 10:00 AM,Room 3,30,Yes
T002,Teacher_T002,Telugu,5th-A,5th,A,Friday,9:00 AM - 10:00 AM,Room 18,30,Yes
T003,Teacher_T003,Hindi,5th-A,5th,A,Friday,10:00 AM - 11:00 AM,Room 4,30,Yes
T006,Teacher_T006,English,5th-A,5th,A,Friday,11:00 AM - 12:00 AM,Room 14,30,Yes
T020,Teacher_T020,Maths,5th-A,5th,A,Friday,12:00 AM - 13:00 AM,Room 18,30,Yes
T010,Teacher_T010,Science,5th-A,5th,A,Friday,13:00 AM - 14:00 AM,Room 18,30,Yes
T024,Teacher_T024,Social,5th-A,5th,A,Friday,14:00 AM - 15:00 AM,Room 12,30,Yes
T025,Teacher_T025,Games,5th-A,5th,A,Friday,9:00 AM - 10:00 AM,Room 18,30,Yes
T001,Teacher_T001,Telugu,5th-A,5th,A,Saturday,9:00 AM - 10:00 AM,Room 16,30,Yes
T017,Teacher_T017,Hindi,5th-A,5th,A,Saturday,10:00 AM - 11:00 AM,Room 16,30,Yes
T018,Teacher_T018,English,5th-A,5th,A,Saturday,11:00 AM - 12:00 AM,Room 20,30,Yes
T008,Teacher_T008,Maths,5th-A,5th,A,Saturday,12:00 AM - 13:00 AM,Room 1,30,Yes
T011,Teacher_T011,Science,5th-A,5th,A,Saturday,13:00 AM - 14:00 AM,Room 14,30,Yes
T007,Teacher_T007,Social,5th-A,5th,A,Saturday,14:00 AM - 15:00 AM,Room 11,30,Yes
T025,Teacher_T025,Games,5th-A,5th,A,Saturday,9:00 AM - 10:00 AM,Room 18,30,Yes
T001,Teacher_T001,Telugu,5th-B,5th,B,Monday,9:00 AM - 10:00 AM,Room 14,30,Yes
T004,Teacher_T004,Hindi,5th-B,5th,B,Monday,10:00 AM - 11:00 AM,Room 20,30,Yes
T019,Teacher_T019,English,5th-B,5th,B,Monday,11:00 AM - 12:00 AM,Room 6,30,Yes
T008,Teacher_T008,Maths,5th-B,5th,B,Monday,12:00 AM - 13:00 AM,Room 6,30,Yes
T011,Teacher_T011,Science,5th-B,5th,B,Monday,13:00 AM - 14:00 AM,Room 8,30,Yes
T024,Teacher_T024,Social,5th-B,5th,B,Monday,14:00 AM - 15:00 AM,Room 16,30,Yes
T015,Teacher_T015,Games,5th-B,5th,B,Monday,9:00 AM - 10:00 AM,Room 17,30,Yes
T016,Teacher_T016,Telugu,5th-B,5th,B,Tuesday,9:00 AM - 10:00 AM,Room 17,30,Yes
T004,Teacher_T004,Hindi,5th-B,5th,B,Tuesday,10:00 AM - 11:00 AM,Room 4,30,Yes
T006,Teacher_T006,English,5th-B,5th,B,Tuesday,11:00 AM - 12:00 AM,Room 7,30,Yes
T008,Teacher_T008,Maths,5th-B,5th,B,Tuesday,12:00 AM - 13:00 AM,Room 12,30,Yes
T021,Teacher_T021,Science,5th-B,5th,B,Tuesday,13:00 AM - 14:00 AM,Room 8,30,Yes
T024,Teacher_T024,Social,5th-B,5th,B,Tuesday,14:00 AM - 15:00 AM,Room 4,30,Yes
T015,Teacher_T015,Games,5th-B,5th,B,Tuesday,9:00 AM - 10:00 AM,Room 20,30,Yes
T001,Teacher_T001,Telugu,5th-B,5th,B,Wednesday,9:00 AM - 10:00 AM,Room 15,30,Yes
T004,Teacher_T004,Hindi,5th-B,5th,B,Wednesday,10:00 AM - 11:00 AM,Room 2,30,Yes
T018,Teacher_T018,English,5th-B,5th,B,Wednesday,11:00 AM - 12:00 AM,Room 2,30,Yes
T020,Teacher_T020,Maths,5th-B,5th,B,Wednesday,12:00 AM - 13:00 AM,Room 9,30,Yes
T010,Teacher_T010,Science,5th-B,5th,B,Wednesday,13:00 AM - 14:00 AM,Room 10,30,Yes
T024,Teacher_T024,Social,5th-B,5th,B,Wednesday,14:00 AM - 15:00 AM,Room 19,30,Yes
T015,Teacher_T015,Games,5th-B,5th,B,Wednesday,9:00 AM - 10:00 AM,Room 10,30,Yes
T016,Teacher_T016,Telugu,5th-B,5th,B,Thursday,9:00 AM - 10:00 AM,Room 5,30,Yes
T004,Teacher_T004,Hindi,5th-B,5th,B,Thursday,10:00 AM - 11:00 AM,Room 12,30,Yes
T019,Teacher_T019,English,5th-B,5th,B,Thursday,11:00 AM - 12:00 AM,Room 6,30,Yes
T009,Teacher_T009,Maths,5th-B,5th,B,Thursday,12:00 AM - 13:00 AM,Room 3,30,Yes
T011,Teacher_T011,Science,5th-B,5th,B,Thursday,13:00 AM - 14:00 AM,Room 4,30,Yes
T007,Teacher_T007,Social,5th-B,5th,B,Thursday,14:00 AM - 15:00 AM,Room 20,30,Yes
T025,Teacher_T025,Games,5th-B,5th,B,Thursday,9:00 AM - 10:00 AM,Room 20,30,Yes
T001,Teacher_T001,Telugu,5th-B,5th,B,Friday,9:00 AM - 10:00 AM,Room 19,30,Yes
T004,Teacher_T004,Hindi,5th-B,5th,B,Friday,10:00 AM - 11:00 AM,Room 13,30,Yes
T005,Teacher_T005,English,5th-B,5th,B,Friday,11:00 AM - 12:00 AM,Room 20,30,Yes
T020,Teacher_T020,Maths,5th-B,5th,B,Friday,12:00 AM - 13:00 AM,Room 4,30,Yes
T011,Teacher_T011,Science,5th-B,5th,B,Friday,13:00 AM - 14:00 AM,Room 12,30,Yes
T014,Teacher_T014,Social,5th-B,5th,B,Friday,14:00 AM - 15:00 AM,Room 17,30,Yes
T025,Teacher_T025,Games,5th-B,5th,B,Friday,9:00 AM - 10:00 AM,Room 9,30,Yes
T002,Teacher_T002,Telugu,5th-B,5th,B,Saturday,9:00 AM - 10:00 AM,Room 2,30,Yes
T017,Teacher_T017,Hindi,5th-B,5th,B,Saturday,10:00 AM - 11:00 AM,Room 1,30,Yes
T019,Teacher_T019,English,5th-B,5th,B,Saturday,11:00 AM - 12:00 AM,Room 3,30,Yes
T009,Teacher_T009,Maths,5th-B,5th,B,Saturday,12:00 AM - 13:00 AM,Room 7,30,Yes
T011,Teacher_T011,Science,5th-B,5th,B,Saturday,13:00 AM - 14:00 AM,Room 8,30,Yes
T007,Teacher_T007,Social,5th-B,5th,B,Saturday,14:00 AM - 15:00 AM,Room 9,30,Yes
T025,Teacher_T025,Games,5th-B,5th,B,Saturday,9:00 AM - 10:00 AM,Room 15,30,Yes
T001,Teacher_T001,Telugu,6th-A,6th,A,Monday,9:00 AM - 10:00 AM,Room 18,30,Yes
T004,Teacher_T004,Hindi,6th-A,6th,A,Monday,10:00 AM - 11:00 AM,Room 16,30,Yes
T006,Teacher_T006,English,6th-A,6th,A,Monday,11:00 AM - 12:00 AM,Room 11,30,Yes
T020,Teacher_T020,Maths,6th-A,6th,A,Monday,12:00 AM - 13:00 AM,Room 20,30,Yes
T012,Teacher_T012,Physics,6th-A,6th,A,Monday,13:00 AM - 14:00 AM,Room 20,30,Yes
T023,Teacher_T023,Biology,6th-A,6th,A,Monday,14:00 AM - 15:00 AM,Room 1,30,Yes
T014,Teacher_T014,Social,6th-A,6th,A,Monday,9:00 AM - 10:00 AM,Room 3,30,Yes
T025,Teacher_T025,Games,6th-A,6th,A,Monday,10:00 AM - 11:00 AM,Room 12,30,Yes
T001,Teacher_T001,Telugu,6th-A,6th,A,Tuesday,9:00 AM - 10:00 AM,Room 15,30,Yes
T004,Teacher_T004,Hindi,6th-A,6th,A,Tuesday,10:00 AM - 11:00 AM,Room 14,30,Yes
T019,Teacher_T019,English,6th-A,6th,A,Tuesday,11:00 AM - 12:00 AM,Room 14,30,Yes
T020,Teacher_T020,Maths,6th-A,6th,A,Tuesday,12:00 AM - 13:00 AM,Room 10,30,Yes
T012,Teacher_T012,Physics,6th-A,6th,A,Tuesday,13:00 AM - 14:00 AM,Room 5,30,Yes
T013,Teacher_T013,Biology,6th-A,6th,A,Tuesday,14:00 AM - 15:00 AM,Room 7,30,Yes
T007,Teacher_T007,Social,6th-A,6th,A,Tuesday,9:00 AM - 10:00 AM,Room 8,30,Yes
T025,Teacher_T025,Games,6th-A,6th,A,Tuesday,10:00 AM - 11:00 AM,Room 3,30,Yes
T001,Teacher_T001,Telugu,6th-A,6th,A,Wednesday,9:00 AM - 10:00 AM,Room 11,30,Yes
T017,Teacher_T017,Hindi,6th-A,6th,A,Wednesday,10:00 AM - 11:00 AM,Room 7,30,Yes
T005,Teacher_T005,English,6th-A,6th,A,Wednesday,11:00 AM - 12:00 AM,Room 14,30,Yes
T020,Teacher_T020,Maths,6th-A,6th,A,Wednesday,12:00 AM - 13:00 AM,Room 15,30,Yes
T022,Teacher_T022,Physics,6th-A,6th,A,Wednesday,13:00 AM - 14:00 AM,Room 2,30,Yes
T023,Teacher_T023,Biology,6th-A,6th,A,Wednesday,14:00 AM - 15:00 AM,Room 20,30,Yes
T007,Teacher_T007,Social,6th-A,6th,A,Wednesday,9:00 AM - 10:00 AM,Room 9,30,Yes
T025,Teacher_T025,Games,6th-A,6th,A,Wednesday,10:00 AM - 11:00 AM,Room 5,30,Yes
T002,Teacher_T002,Telugu,6th-A,6th,A,Thursday,9:00 AM - 10:00 AM,Room 9,30,Yes
T017,Teacher_T017,Hindi,6th-A,6th,A,Thursday,10:00 AM - 11:00 AM,Room 11,30,Yes
T019,Teacher_T019,English,6th-A,6th,A,Thursday,11:00 AM - 12:00 AM,Room 9,30,Yes
T008,Teacher_T008,Maths,6th-A,6th,A,Thursday,12:00 AM - 13:00 AM,Room 10,30,Yes
T012,Teacher_T012,Physics,6th-A,6th,A,Thursday,13:00 AM - 14:00 AM,Room 15,30,Yes
T023,Teacher_T023,Biology,6th-A,6th,A,Thursday,14:00 AM - 15:00 AM,Room 2,30,Yes
T024,Teacher_T024,Social,6th-A,6th,A,Thursday,9:00 AM - 10:00 AM,Room 14,30,Yes
T025,Teacher_T025,Games,6th-A,6th,A,Thursday,10:00 AM - 11:00 AM,Room 5,30,Yes
T016,Teacher_T016,Telugu,6th-A,6th,A,Friday,9:00 AM - 10:00 AM,Room 1,30,Yes
T017,Teacher_T017,Hindi,6th-A,6th,A,Friday,10:00 AM - 11:00 AM,Room 7,30,Yes
T005,Teacher_T005,English,6th-A,6th,A,Friday,11:00 AM - 12:00 AM,Room 4,30,Yes
T020,Teacher_T020,Maths,6th-A,6th,A,Friday,12:00 AM - 13:00 AM,Room 8,30,Yes
T012,Teacher_T012,Physics,6th-A,6th,A,Friday,13:00 AM - 14:00 AM,Room 8,30,Yes
T013,Teacher_T013,Biology,6th-A,6th,A,Friday,14:00 AM - 15:00 AM,Room 12,30,Yes
T014,Teacher_T014,Social,6th-A,6th,A,Friday,9:00 AM - 10:00 AM,Room 6,30,Yes
T015,Teacher_T015,Games,6th-A,6th,A,Friday,10:00 AM - 11:00 AM,Room 17,30,Yes
T001,Teacher_T001,Telugu,6th-A,6th,A,Saturday,9:00 AM - 10:00 AM,Room 12,30,Yes
T017,Teacher_T017,Hindi,6th-A,6th,A,Saturday,10:00 AM - 11:00 AM,Room 14,30,Yes
T006,Teacher_T006,English,6th-A,6th,A,Saturday,11:00 AM - 12:00 AM,Room 12,30,Yes
T020,Teacher_T020,Maths,6th-A,6th,A,Saturday,12:00 AM - 13:00 AM,Room 17,30,Yes
T022,Teacher_T022,Physics,6th-A,6th,A,Saturday,13:00 AM - 14:00 AM,Room 1,30,Yes
T023,Teacher_T023,Biology,6th-A,6th,A,Saturday,14:00 AM - 15:00 AM,Room 5,30,Yes
T024,Teacher_T024,Social,6th-A,6th,A,Saturday,9:00 AM - 10:00 AM,Room 13,30,Yes
T025,Teacher_T025,Games,6th-A,6th,A,Saturday,10:00 AM - 11:00 AM,Room 1,30,Yes
T002,Teacher_T002,Telugu,6th-B,6th,B,Monday,9:00 AM - 10:00 AM,Room 5,30,Yes
T003,Teacher_T003,Hindi,6th-B,6th,B,Monday,10:00 AM - 11:00 AM,Room 15,30,Yes
T019,Teacher_T019,English,6th-B,6th,B,Monday,11:00 AM - 12:00 AM,Room 16,30,Yes
T020,Teacher_T020,Maths,6th-B,6th,B,Monday,12:00 AM - 13:00 AM,Room 7,30,Yes
T012,Teacher_T012,Physics,6th-B,6th,B,Monday,13:00 AM - 14:00 AM,Room 5,30,Yes
T013,Teacher_T013,Biology,6th-B,6th,B,Monday,14:00 AM - 15:00 AM,Room 11,30,Yes
T007,Teacher_T007,Social,6th-B,6th,B,Monday,9:00 AM - 10:00 AM,Room 20,30,Yes
T015,Teacher_T015,Games,6th-B,6th,B,Monday,10:00 AM - 11:00 AM,Room 20,30,Yes
T002,Teacher_T002,Telugu,6th-B,6th,B,Tuesday,9:00 AM - 10:00 AM,Room 1,30,Yes
T017,Teacher_T017,Hindi,6th-B,6th,B,Tuesday,10:00 AM - 11:00 AM,Room 10,30,Yes
T019,Teacher_T019,English,6th-B,6th,B,Tuesday,11:00 AM - 12:00 AM,Room 2,30,Yes
T009,Teacher_T009,Maths,6th-B,6th,B,Tuesday,12:00 AM - 13:00 AM,Room 16,30,Yes
T012,Teacher_T012,Physics,6th-B,6th,B,Tuesday,13:00 AM - 14:00 AM,Room 11,30,Yes
T013,Teacher_T013,Biology,6th-B,6th,B,Tuesday,14:00 AM - 15:00 AM,Room 7,30,Yes
T007,Teacher_T007,Social,6th-B,6th,B,Tuesday,9:00 AM - 10:00 AM,Room 20,30,Yes
T015,Teacher_T015,Games,6th-B,6th,B,Tuesday,10:00 AM - 11:00 AM,Room 17,30,Yes
T016,Teacher_T016,Telugu,6th-B,6th,B,Wednesday,9:00 AM - 10:00 AM,Room 11,30,Yes
T017,Teacher_T017,Hindi,6th-B,6th,B,Wednesday,10:00 AM - 11:00 AM,Room 12,30,Yes
T006,Teacher_T006,English,6th-B,6th,B,Wednesday,11:00 AM - 12:00 AM,Room 19,30,Yes
T009,Teacher_T009,Maths,6th-B,6th,B,Wednesday,12:00 AM - 13:00 AM,Room 11,30,Yes
T022,Teacher_T022,Physics,6th-B,6th,B,Wednesday,13:00 AM - 14:00 AM,Room 2,30,Yes
T013,Teacher_T013,Biology,6th-B,6th,B,Wednesday,14:00 AM - 15:00 AM,Room 1,30,Yes
T007,Teacher_T007,Social,6th-B,6th,B,Wednesday,9:00 AM - 10:00 AM,Room 20,30,Yes
T015,Teacher_T015,Games,6th-B,6th,B,Wednesday,10:00 AM - 11:00 AM,Room 5,30,Yes
T016,Teacher_T016,Telugu,6th-B,6th,B,Thursday,9:00 AM - 10:00 AM,Room 16,30,Yes
T017,Teacher_T017,Hindi,6th-B,6th,B,Thursday,10:00 AM - 11:00 AM,Room 10,30,Yes
T018,Teacher_T018,English,6th-B,6th,B,Thursday,11:00 AM - 12:00 AM,Room 9,30,Yes
T008,Teacher_T008,Maths,6th-B,6th,B,Thursday,12:00 AM - 13:00 AM,Room 5,30,Yes
T022,Teacher_T022,Physics,6th-B,6th,B,Thursday,13:00 AM - 14:00 AM,Room 13,30,Yes
T023,Teacher_T023,Biology,6th-B,6th,B,Thursday,14:00 AM - 15:00 AM,Room 8,30,Yes
T014,Teacher_T014,Social,6th-B,6th,B,Thursday,9:00 AM - 10:00 AM,Room 11,30,Yes
T025,Teacher_T025,Games,6th-B,6th,B,Thursday,10:00 AM - 11:00 AM,Room 16,30,Yes
T001,Teacher_T001,Telugu,6th-B,6th,B,Friday,9:00 AM - 10:00 AM,Room 2,30,Yes
T004,Teacher_T004,Hindi,6th-B,6th,B,Friday,10:00 AM - 11:00 AM,Room 7,30,Yes
T018,Teacher_T018,English,6th-B,6th,B,Friday,11:00 AM - 12:00 AM,Room 2,30,Yes
T009,Teacher_T009,Maths,6th-B,6th,B,Friday,12:00 AM - 13:00 AM,Room 4,30,Yes
T022,Teacher_T022,Physics,6th-B,6th,B,Friday,13:00 AM - 14:00 AM,Room 17,30,Yes
T023,Teacher_T023,Biology,6th-B,6th,B,Friday,14:00 AM - 15:00 AM,Room 13,30,Yes
T024,Teacher_T024,Social,6th-B,6th,B,Friday,9:00 AM - 10:00 AM,Room 1,30,Yes
T015,Teacher_T015,Games,6th-B,6th,B,Friday,10:00 AM - 11:00 AM,Room 7,30,Yes
T016,Teacher_T016,Telugu,6th-B,6th,B,Saturday,9:00 AM - 10:00 AM,Room 17,30,Yes
T003,Teacher_T003,Hindi,6th-B,6th,B,Saturday,10:00 AM - 11:00 AM,Room 18,30,Yes
T005,Teacher_T005,English,6th-B,6th,B,Saturday,11:00 AM - 12:00 AM,Room 8,30,Yes
T009,Teacher_T009,Maths,6th-B,6th,B,Saturday,12:00 AM - 13:00 AM,Room 3,30,Yes
T022,Teacher_T022,Physics,6th-B,6th,B,Saturday,13:00 AM - 14:00 AM,Room 19,30,Yes
T013,Teacher_T013,Biology,6th-B,6th,B,Saturday,14:00 AM - 15:00 AM,Room 10,30,Yes
T007,Teacher_T007,Social,6th-B,6th,B,Saturday,9:00 AM - 10:00 AM,Room 18,30,Yes
T015,Teacher_T015,Games,6th-B,6th,B,Saturday,10:00 AM - 11:00 AM,Room 15,30,Yes
T016,Teacher_T016,Telugu,7th-A,7th,A,Monday,9:00 AM - 10:00 AM,Room 11,30,Yes
T004,Teacher_T004,Hindi,7th-A,7th,A,Monday,10:00 AM - 11:00 AM,Room 4,30,Yes
T018,Teacher_T018,English,7th-A,7th,A,Monday,11:00 AM - 12:00 AM,Room 9,30,Yes
T020,Teacher_T020,Maths,7th-A,7th,A,Monday,12:00 AM - 13:00 AM,Room 1,30,Yes
T012,Teacher_T012,Physics,7th-A,7th,A,Monday,13:00 AM - 14:00 AM,Room 1,30,Yes
T023,Teacher_T023,Biology,7th-A,7th,A,Monday,14:00 AM - 15:00 AM,Room 12,30,Yes
T014,Teacher_T014,Social,7th-A,7th,A,Monday,9:00 AM - 10:00 AM,Room 2,30,Yes
T025,Teacher_T025,Games,7th-A,7th,A,Monday,10:00 AM - 11:00 AM,Room 7,30,Yes
T002,Teacher_T002,Telugu,7th-A,7th,A,Tuesday,9:00 AM - 10:00 AM,Room 18,30,Yes
T004,Teacher_T004,Hindi,7th-A,7th,A,Tuesday,10:00 AM - 11:00 AM,Room 20,30,Yes
T005,Teacher_T005,English,7th-A,7th,A,Tuesday,11:00 AM - 12:00 AM,Room 14,30,Yes
T020,Teacher_T020,Maths,7th-A,7th,A,Tuesday,12:00 AM - 13:00 AM,Room 8,30,Yes
T022,Teacher_T022,Physics,7th-A,7th,A,Tuesday,13:00 AM - 14:00 AM,Room 14,30,Yes
T013,Teacher_T013,Biology,7th-A,7th,A,Tuesday,14:00 AM - 15:00 AM,Room 12,30,Yes
T024,Teacher_T024,Social,7th-A,7th,A,Tuesday,9:00 AM - 10:00 AM,Room 6,30,Yes
T025,Teacher_T025,Games,7th-A,7th,A,Tuesday,10:00 AM - 11:00 AM,Room 19,30,Yes
T016,Teacher_T016,Telugu,7th-A,7th,A,Wednesday,9:00 AM - 10:00 AM,Room 10,30,Yes
T004,Teacher_T004,Hindi,7th-A,7th,A,Wednesday,10:00 AM - 11:00 AM,Room 2,30,Yes
T006,Teacher_T006,English,7th-A,7th,A,Wednesday,11:00 AM - 12:00 AM,Room 2,30,Yes
T008,Teacher_T008,Maths,7th-A,7th,A,Wednesday,12:00 AM - 13:00 AM,Room 20,30,Yes
T012,Teacher_T012,Physics,7th-A,7th,A,Wednesday,13:00 AM - 14:00 AM,Room 6,30,Yes
T023,Teacher_T023,Biology,7th-A,7th,A,Wednesday,14:00 AM - 15:00 AM,Room 4,30,Yes
T014,Teacher_T014,Social,7th-A,7th,A,Wednesday,9:00 AM - 10:00 AM,Room 6,30,Yes
T015,Teacher_T015,Games,7th-A,7th,A,Wednesday,10:00 AM - 11:00 AM,Room 11,30,Yes
T001,Teacher_T001,Telugu,7th-A,7th,A,Thursday,9:00 AM - 10:00 AM,Room 16,30,Yes
T017,Teacher_T017,Hindi,7th-A,7th,A,Thursday,10:00 AM - 11:00 AM,Room 13,30,Yes
T019,Teacher_T019,English,7th-A,7th,A,Thursday,11:00 AM - 12:00 AM,Room 4,30,Yes
T009,Teacher_T009,Maths,7th-A,7th,A,Thursday,12:00 AM - 13:00 AM,Room 1,30,Yes
T022,Teacher_T022,Physics,7th-A,7th,A,Thursday,13:00 AM - 14:00 AM,Room 1,30,Yes
T023,Teacher_T023,Biology,7th-A,7th,A,Thursday,14:00 AM - 15:00 AM,Room 4,30,Yes
T024,Teacher_T024,Social,7th-A,7th,A,Thursday,9:00 AM - 10:00 AM,Room 3,30,Yes
T025,Teacher_T025,Games,7th-A,7th,A,Thursday,10:00 AM - 11:00 AM,Room 12,30,Yes
T016,Teacher_T016,Telugu,7th-A,7th,A,Friday,9:00 AM - 10:00 AM,Room 18,30,Yes
T003,Teacher_T003,Hindi,7th-A,7th,A,Friday,10:00 AM - 11:00 AM,Room 17,30,Yes
T018,Teacher_T018,English,7th-A,7th,A,Friday,11:00 AM - 12:00 AM,Room 9,30,Yes
T009,Teacher_T009,Maths,7th-A,7th,A,Friday,12:00 AM - 13:00 AM,Room 5,30,Yes
T012,Teacher_T012,Physics,7th-A,7th,A,Friday,13:00 AM - 14:00 AM,Room 18,30,Yes
T023,Teacher_T023,Biology,7th-A,7th,A,Friday,14:00 AM - 15:00 AM,Room 18,30,Yes
T007,Teacher_T007,Social,7th-A,7th,A,Friday,9:00 AM - 10:00 AM,Room 9,30,Yes
T025,Teacher_T025,Games,7th-A,7th,A,Friday,10:00 AM - 11:00 AM,Room 2,30,Yes
T002,Teacher_T002,Telugu,7th-A,7th,A,Saturday,9:00 AM - 10:00 AM,Room 3,30,Yes
T017,Teacher_T017,Hindi,7th-A,7th,A,Saturday,10:00 AM - 11:00 AM,Room 2,30,Yes
T019,Teacher_T019,English,7th-A,7th,A,Saturday,11:00 AM - 12:00 AM,Room 13,30,Yes
T009,Teacher_T009,Maths,7th-A,7th,A,Saturday,12:00 AM - 13:00 AM,Room 1,30,Yes
T022,Teacher_T022,Physics,7th-A,7th,A,Saturday,13:00 AM - 14:00 AM,Room 10,30,Yes
T023,Teacher_T023,Biology,7th-A,7th,A,Saturday,14:00 AM - 15:00 AM,Room 10,30,Yes
T024,Teacher_T024,Social,7th-A,7th,A,Saturday,9:00 AM - 10:00 AM,Room 12,30,Yes
T025,Teacher_T025,Games,7th-A,7th,A,Saturday,10:00 AM - 11:00 AM,Room 12,30,Yes
T002,Teacher_T002,Telugu,7th-B,7th,B,Monday,9:00 AM - 10:00 AM,Room 2,30,Yes
T004,Teacher_T004,Hindi,7th-B,7th,B,Monday,10:00 AM - 11:00 AM,Room 18,30,Yes
T005,Teacher_T005,English,7th-B,7th,B,Monday,11:00 AM - 12:00 AM,Room 15,30,Yes
T020,Teacher_T020,Maths,7th-B,7th,B,Monday,12:00 AM - 13:00 AM,Room 1,30,Yes
T022,Teacher_T022,Physics,7th-B,7th,B,Monday,13:00 AM - 14:00 AM,Room 11,30,Yes
T023,Teacher_T023,Biology,7th-B,7th,B,Monday,14:00 AM - 15:00 AM,Room 4,30,Yes
T024,Teacher_T024,Social,7th-B,7th,B,Monday,9:00 AM - 10:00 AM,Room 19,30,Yes
T015,Teacher_T015,Games,7th-B,7th,B,Monday,10:00 AM - 11:00 AM,Room 13,30,Yes
T001,Teacher_T001,Telugu,7th-B,7th,B,Tuesday,9:00 AM - 10:00 AM,Room 6,30,Yes
T003,Teacher_T003,Hindi,7th-B,7th,B,Tuesday,10:00 AM - 11:00 AM,Room 16,30,Yes
T005,Teacher_T005,English,7th-B,7th,B,Tuesday,11:00 AM - 12:00 AM,Room 19,30,Yes
T009,Teacher_T009,Maths,7th-B,7th,B,Tuesday,12:00 AM - 13:00 AM,Room 1,30,Yes
T012,Teacher_T012,Physics,7th-B,7th,B,Tuesday,13:00 AM - 14:00 AM,Room 17,30,Yes
T023,Teacher_T023,Biology,7th-B,7th,B,Tuesday,14:00 AM - 15:00 AM,Room 4,30,Yes
T007,Teacher_T007,Social,7th-B,7th,B,Tuesday,9:00 AM - 10:00 AM,Room 17,30,Yes
T015,Teacher_T015,Games,7th-B,7th,B,Tuesday,10:00 AM - 11:00 AM,Room 16,30,Yes
T016,Teacher_T016,Telugu,7th-B,7th,B,Wednesday,9:00 AM - 10:00 AM,Room 19,30,Yes
T003,Teacher_T003,Hindi,7th-B,7th,B,Wednesday,10:00 AM - 11:00 AM,Room 6,30,Yes
T018,Teacher_T018,English,7th-B,7th,B,Wednesday,11:00 AM - 12:00 AM,Room 6,30,Yes
T020,Teacher_T020,Maths,7th-B,7th,B,Wednesday,12:00 AM - 13:00 AM,Room 18,30,Yes
T022,Teacher_T022,Physics,7th-B,7th,B,Wednesday,13:00 AM - 14:00 AM,Room 20,30,Yes
T023,Teacher_T023,Biology,7th-B,7th,B,Wednesday,14:00 AM - 15:00 AM,Room 15,30,Yes
T024,Teacher_T024,Social,7th-B,7th,B,Wednesday,9:00 AM - 10:00 AM,Room 11,30,Yes
T015,Teacher_T015,Games,7th-B,7th,B,Wednesday,10:00 AM - 11:00 AM,Room 3,30,Yes
T016,Teacher_T016,Telugu,7th-B,7th,B,Thursday,9:00 AM - 10:00 AM,Room 18,30,Yes
T003,Teacher_T003,Hindi,7th-B,7th,B,Thursday,10:00 AM - 11:00 AM,Room 9,30,Yes
T006,Teacher_T006,English,7th-B,7th,B,Thursday,11:00 AM - 12:00 AM,Room 4,30,Yes
T020,Teacher_T020,Maths,7th-B,7th,B,Thursday,12:00 AM - 13:00 AM,Room 10,30,Yes
T022,Teacher_T022,Physics,7th-B,7th,B,Thursday,13:00 AM - 14:00 AM,Room 17,30,Yes
T013,Teacher_T013,Biology,7th-B,7th,B,Thursday,14:00 AM - 15:00 AM,Room 5,30,Yes
T024,Teacher_T024,Social,7th-B,7th,B,Thursday,9:00 AM - 10:00 AM,Room 13,30,Yes
T025,Teacher_T025,Games,7th-B,7th,B,Thursday,10:00 AM - 11:00 AM,Room 13,30,Yes
T002,Teacher_T002,Telugu,7th-B,7th,B,Friday,9:00 AM - 10:00 AM,Room 20,30,Yes
T017,Teacher_T017,Hindi,7th-B,7th,B,Friday,10:00 AM - 11:00 AM,Room 3,30,Yes
T018,Teacher_T018,English,7th-B,7th,B,Friday,11:00 AM - 12:00 AM,Room 6,30,Yes
T008,Teacher_T008,Maths,7th-B,7th,B,Friday,12:00 AM - 13:00 AM,Room 4,30,Yes
T022,Teacher_T022,Physics,7th-B,7th,B,Friday,13:00 AM - 14:00 AM,Room 20,30,Yes
T023,Teacher_T023,Biology,7th-B,7th,B,Friday,14:00 AM - 15:00 AM,Room 4,30,Yes
T007,Teacher_T007,Social,7th-B,7th,B,Friday,9:00 AM - 10:00 AM,Room 17,30,Yes
T015,Teacher_T015,Games,7th-B,7th,B,Friday,10:00 AM - 11:00 AM,Room 5,30,Yes
T016,Teacher_T016,Telugu,7th-B,7th,B,Saturday,9:00 AM - 10:00 AM,Room 7,30,Yes
T017,Teacher_T017,Hindi,7th-B,7th,B,Saturday,10:00 AM - 11:00 AM,Room 8,30,Yes
T006,Teacher_T006,English,7th-B,7th,B,Saturday,11:00 AM - 12:00 AM,Room 16,30,Yes
T008,Teacher_T008,Maths,7th-B,7th,B,Saturday,12:00 AM - 13:00 AM,Room 5,30,Yes
T022,Teacher_T022,Physics,7th-B,7th,B,Saturday,13:00 AM - 14:00 AM,Room 11,30,Yes
T023,Teacher_T023,Biology,7th-B,7th,B,Saturday,14:00 AM - 15:00 AM,Room 20,30,Yes
T007,Teacher_T007,Social,7th-B,7th,B,Saturday,9:00 AM - 10:00 AM,Room 5,30,Yes
T015,Teacher_T015,Games,7th-B,7th,B,Saturday,10:00 AM - 11:00 AM,Room 5,30,Yes
T002,Teacher_T002,Telugu,8th-A,8th,A,Monday,9:00 AM - 10:00 AM,Room 5,30,Yes
T017,Teacher_T017,Hindi,8th-A,8th,A,Monday,10:00 AM - 11:00 AM,Room 15,30,Yes
T018,Teacher_T018,English,8th-A,8th,A,Monday,11:00 AM - 12:00 AM,Room 1,30,Yes
T008,Teacher_T008,Maths,8th-A,8th,A,Monday,12:00 AM - 13:00 AM,Room 20,30,Yes
T012,Teacher_T012,Physics,8th-A,8th,A,Monday,13:00 AM - 14:00 AM,Room 5,30,Yes
T023,Teacher_T023,Biology,8th-A,8th,A,Monday,14:00 AM - 15:00 AM,Room 7,30,Yes
T007,Teacher_T007,Social,8th-A,8th,A,Monday,9:00 AM - 10:00 AM,Room 4,30,Yes
T025,Teacher_T025,Games,8th-A,8th,A,Monday,10:00 AM - 11:00 AM,Room 19,30,Yes
T001,Teacher_T001,Telugu,8th-A,8th,A,Tuesday,9:00 AM - 10:00 AM,Room 15,30,Yes
T004,Teacher_T004,Hindi,8th-A,8th,A,Tuesday,10:00 AM - 11:00 AM,Room 10,30,Yes
T019,Teacher_T019,English,8th-A,8th,A,Tuesday,11:00 AM - 12:00 AM,Room 2,30,Yes
T008,Teacher_T008,Maths,8th-A,8th,A,Tuesday,12:00 AM - 13:00 AM,Room 1,30,Yes
T012,Teacher_T012,Physics,8th-A,8th,A,Tuesday,13:00 AM - 14:00 AM,Room 5,30,Yes
T023,Teacher_T023,Biology,8th-A,8th,A,Tuesday,14:00 AM - 15:00 AM,Room 19,30,Yes
T007,Teacher_T007,Social,8th-A,8th,A,Tuesday,9:00 AM - 10:00 AM,Room 20,30,Yes
T025,Teacher_T025,Games,8th-A,8th,A,Tuesday,10:00 AM - 11:00 AM,Room 12,30,Yes
T002,Teacher_T002,Telugu,8th-A,8th,A,Wednesday,9:00 AM - 10:00 AM,Room 10,30,Yes
T017,Teacher_T017,Hindi,8th-A,8th,A,Wednesday,10:00 AM - 11:00 AM,Room 13,30,Yes
T006,Teacher_T006,English,8th-A,8th,A,Wednesday,11:00 AM - 12:00 AM,Room 20,30,Yes
T009,Teacher_T009,Maths,8th-A,8th,A,Wednesday,12:00 AM - 13:00 AM,Room 18,30,Yes
T012,Teacher_T012,Physics,8th-A,8th,A,Wednesday,13:00 AM - 14:00 AM,Room 20,30,Yes
T013,Teacher_T013,Biology,8th-A,8th,A,Wednesday,14:00 AM - 15:00 AM,Room 15,30,Yes
T024,Teacher_T024,Social,8th-A,8th,A,Wednesday,9:00 AM - 10:00 AM,Room 10,30,Yes
T015,Teacher_T015,Games,8th-A,8th,A,Wednesday,10:00 AM - 11:00 AM,Room 15,30,Yes
T002,Teacher_T002,Telugu,8th-A,8th,A,Thursday,9:00 AM - 10:00 AM,Room 14,30,Yes
T017,Teacher_T017,Hindi,8th-A,8th,A,Thursday,10:00 AM - 11:00 AM,Room 16,30,Yes
T019,Teacher_T019,English,8th-A,8th,A,Thursday,11:00 AM - 12:00 AM,Room 10,30,Yes
T008,Teacher_T008,Maths,8th-A,8th,A,Thursday,12:00 AM - 13:00 AM,Room 3,30,Yes
T022,Teacher_T022,Physics,8th-A,8th,A,Thursday,13:00 AM - 14:00 AM,Room 17,30,Yes
T013,Teacher_T013,Biology,8th-A,8th,A,Thursday,14:00 AM - 15:00 AM,Room 19,30,Yes
T014,Teacher_T014,Social,8th-A,8th,A,Thursday,9:00 AM - 10:00 AM,Room 10,30,Yes
T025,Teacher_T025,Games,8th-A,8th,A,Thursday,10:00 AM - 11:00 AM,Room 6,30,Yes
T002,Teacher_T002,Telugu,8th-A,8th,A,Friday,9:00 AM - 10:00 AM,Room 16,30,Yes
T017,Teacher_T017,Hindi,8th-A,8th,A,Friday,10:00 AM - 11:00 AM,Room 16,30,Yes
T019,Teacher_T019,English,8th-A,8th,A,Friday,11:00 AM - 12:00 AM,Room 5,30,Yes
T008,Teacher_T008,Maths,8th-A,8th,A,Friday,12:00 AM - 13:00 AM,Room 12,30,Yes
T022,Teacher_T022,Physics,8th-A,8th,A,Friday,13:00 AM - 14:00 AM,Room 20,30,Yes
T013,Teacher_T013,Biology,8th-A,8th,A,Friday,14:00 AM - 15:00 AM,Room 7,30,Yes
T007,Teacher_T007,Social,8th-A,8th,A,Friday,9:00 AM - 10:00 AM,Room 18,30,Yes
T025,Teacher_T025,Games,8th-A,8th,A,Friday,10:00 AM - 11:00 AM,Room 14,30,Yes
T002,Teacher_T002,Telugu,8th-A,8th,A,Saturday,9:00 AM - 10:00 AM,Room 20,30,Yes
T003,Teacher_T003,Hindi,8th-A,8th,A,Saturday,10:00 AM - 11:00 AM,Room 14,30,Yes
T019,Teacher_T019,English,8th-A,8th,A,Saturday,11:00 AM - 12:00 AM,Room 15,30,Yes
T008,Teacher_T008,Maths,8th-A,8th,A,Saturday,12:00 AM - 13:00 AM,Room 1,30,Yes
T012,Teacher_T012,Physics,8th-A,8th,A,Saturday,13:00 AM - 14:00 AM,Room 7,30,Yes
T013,Teacher_T013,Biology,8th-A,8th,A,Saturday,14:00 AM - 15:00 AM,Room 14,30,Yes
T024,Teacher_T024,Social,8th-A,8th,A,Saturday,9:00 AM - 10:00 AM,Room 11,30,Yes
T015,Teacher_T015,Games,8th-A,8th,A,Saturday,10:00 AM - 11:00 AM,Room 1,30,Yes
T016,Teacher_T016,Telugu,8th-B,8th,B,Monday,9:00 AM - 10:00 AM,Room 8,30,Yes
T003,Teacher_T003,Hindi,8th-B,8th,B,Monday,10:00 AM - 11:00 AM,Room 6,30,Yes
T006,Teacher_T006,English,8th-B,8th,B,Monday,11:00 AM - 12:00 AM,Room 1,30,Yes
T020,Teacher_T020,Maths,8th-B,8th,B,Monday,12:00 AM - 13:00 AM,Room 9,30,Yes
T022,Teacher_T022,Physics,8th-B,8th,B,Monday,13:00 AM - 14:00 AM,Room 20,30,Yes
T023,Teacher_T023,Biology,8th-B,8th,B,Monday,14:00 AM - 15:00 AM,Room 9,30,Yes
T014,Teacher_T014,Social,8th-B,8th,B,Monday,9:00 AM - 10:00 AM,Room 7,30,Yes
T025,Teacher_T025,Games,8th-B,8th,B,Monday,10:00 AM - 11:00 AM,Room 20,30,Yes
T001,Teacher_T001,Telugu,8th-B,8th,B,Tuesday,9:00 AM - 10:00 AM,Room 6,30,Yes
T004,Teacher_T004,Hindi,8th-B,8th,B,Tuesday,10:00 AM - 11:00 AM,Room 3,30,Yes
T018,Teacher_T018,English,8th-B,8th,B,Tuesday,11:00 AM - 12:00 AM,Room 7,30,Yes
T009,Teacher_T009,Maths,8th-B,8th,B,Tuesday,12:00 AM - 13:00 AM,Room 4,30,Yes
T022,Teacher_T022,Physics,8th-B,8th,B,Tuesday,13:00 AM - 14:00 AM,Room 9,30,Yes
T023,Teacher_T023,Biology,8th-B,8th,B,Tuesday,14:00 AM - 15:00 AM,Room 1,30,Yes
T014,Teacher_T014,Social,8th-B,8th,B,Tuesday,9:00 AM - 10:00 AM,Room 8,30,Yes
T025,Teacher_T025,Games,8th-B,8th,B,Tuesday,10:00 AM - 11:00 AM,Room 20,30,Yes
T001,Teacher_T001,Telugu,8th-B,8th,B,Wednesday,9:00 AM - 10:00 AM,Room 2,30,Yes
T017,Teacher_T017,Hindi,8th-B,8th,B,Wednesday,10:00 AM - 11:00 AM,Room 12,30,Yes
T005,Teacher_T005,English,8th-B,8th,B,Wednesday,11:00 AM - 12:00 AM,Room 3,30,Yes
T009,Teacher_T009,Maths,8th-B,8th,B,Wednesday,12:00 AM - 13:00 AM,Room 8,30,Yes
T012,Teacher_T012,Physics,8th-B,8th,B,Wednesday,13:00 AM - 14:00 AM,Room 13,30,Yes
T013,Teacher_T013,Biology,8th-B,8th,B,Wednesday,14:00 AM - 15:00 AM,Room 9,30,Yes
T024,Teacher_T024,Social,8th-B,8th,B,Wednesday,9:00 AM - 10:00 AM,Room 19,30,Yes
T015,Teacher_T015,Games,8th-B,8th,B,Wednesday,10:00 AM - 11:00 AM,Room 6,30,Yes
T002,Teacher_T002,Telugu,8th-B,8th,B,Thursday,9:00 AM - 10:00 AM,Room 7,30,Yes
T003,Teacher_T003,Hindi,8th-B,8th,B,Thursday,10:00 AM - 11:00 AM,Room 11,30,Yes
T018,Teacher_T018,English,8th-B,8th,B,Thursday,11:00 AM - 12:00 AM,Room 17,30,Yes
T020,Teacher_T020,Maths,8th-B,8th,B,Thursday,12:00 AM - 13:00 AM,Room 18,30,Yes
T022,Teacher_T022,Physics,8th-B,8th,B,Thursday,13:00 AM - 14:00 AM,Room 6,30,Yes
T013,Teacher_T013,Biology,8th-B,8th,B,Thursday,14:00 AM - 15:00 AM,Room 3,30,Yes
T024,Teacher_T024,Social,8th-B,8th,B,Thursday,9:00 AM - 10:00 AM,Room 5,30,Yes
T015,Teacher_T015,Games,8th-B,8th,B,Thursday,10:00 AM - 11:00 AM,Room 15,30,Yes
T016,Teacher_T016,Telugu,8th-B,8th,B,Friday,9:00 AM - 10:00 AM,Room 19,30,Yes
T017,Teacher_T017,Hindi,8th-B,8th,B,Friday,10:00 AM - 11:00 AM,Room 14,30,Yes
T005,Teacher_T005,English,8th-B,8th,B,Friday,11:00 AM - 12:00 AM,Room 2,30,Yes
T009,Teacher_T009,Maths,8th-B,8th,B,Friday,12:00 AM - 13:00 AM,Room 14,30,Yes
T012,Teacher_T012,Physics,8th-B,8th,B,Friday,13:00 AM - 14:00 AM,Room 6,30,Yes
T023,Teacher_T023,Biology,8th-B,8th,B,Friday,14:00 AM - 15:00 AM,Room 14,30,Yes
T007,Teacher_T007,Social,8th-B,8th,B,Friday,9:00 AM - 10:00 AM,Room 5,30,Yes
T015,Teacher_T015,Games,8th-B,8th,B,Friday,10:00 AM - 11:00 AM,Room 9,30,Yes
T016,Teacher_T016,Telugu,8th-B,8th,B,Saturday,9:00 AM - 10:00 AM,Room 9,30,Yes
T004,Teacher_T004,Hindi,8th-B,8th,B,Saturday,10:00 AM - 11:00 AM,Room 18,30,Yes
T006,Teacher_T006,English,8th-B,8th,B,Saturday,11:00 AM - 12:00 AM,Room 17,30,Yes
T020,Teacher_T020,Maths,8th-B,8th,B,Saturday,12:00 AM - 13:00 AM,Room 8,30,Yes
T012,Teacher_T012,Physics,8th-B,8th,B,Saturday,13:00 AM - 14:00 AM,Room 16,30,Yes
T023,Teacher_T023,Biology,8th-B,8th,B,Saturday,14:00 AM - 15:00 AM,Room 11,30,Yes
T014,Teacher_T014,Social,8th-B,8th,B,Saturday,9:00 AM - 10:00 AM,Room 6,30,Yes
T015,Teacher_T015,Games,8th-B,8th,B,Saturday,10:00 AM - 11:00 AM,Room 16,30,Yes
T002,Teacher_T002,Telugu,9th-A,9th,A,Monday,9:00 AM - 10:00 AM,Room 6,30,Yes
T003,Teacher_T003,Hindi,9th-A,9th,A,Monday,10:00 AM - 11:00 AM,Room 20,30,Yes
T019,Teacher_T019,English,9th-A,9th,A,Monday,11:00 AM - 12:00 AM,Room 16,30,Yes
T009,Teacher_T009,Maths,9th-A,9th,A,Monday,12:00 AM - 13:00 AM,Room 10,30,Yes
T022,Teacher_T022,Physics,9th-A,9th,A,Monday,13:00 AM - 14:00 AM,Room 3,30,Yes
T023,Teacher_T023,Biology,9th-A,9th,A,Monday,14:00 AM - 15:00 AM,Room 8,30,Yes
T024,Teacher_T024,Social,9th-A,9th,A,Monday,9:00 AM - 10:00 AM,Room 10,30,Yes
T025,Teacher_T025,Games,9th-A,9th,A,Monday,10:00 AM - 11:00 AM,Room 12,30,Yes
T001,Teacher_T001,Telugu,9th-A,9th,A,Tuesday,9:00 AM - 10:00 AM,Room 1,30,Yes
T003,Teacher_T003,Hindi,9th-A,9th,A,Tuesday,10:00 AM - 11:00 AM,Room 7,30,Yes
T005,Teacher_T005,English,9th-A,9th,A,Tuesday,11:00 AM - 12:00 AM,Room 1,30,Yes
T009,Teacher_T009,Maths,9th-A,9th,A,Tuesday,12:00 AM - 13:00 AM,Room 1,30,Yes
T012,Teacher_T012,Physics,9th-A,9th,A,Tuesday,13:00 AM - 14:00 AM,Room 18,30,Yes
T023,Teacher_T023,Biology,9th-A,9th,A,Tuesday,14:00 AM - 15:00 AM,Room 10,30,Yes
T007,Teacher_T007,Social,9th-A,9th,A,Tuesday,9:00 AM - 10:00 AM,Room 3,30,Yes
T015,Teacher_T015,Games,9th-A,9th,A,Tuesday,10:00 AM - 11:00 AM,Room 16,30,Yes
T001,Teacher_T001,Telugu,9th-A,9th,A,Wednesday,9:00 AM - 10:00 AM,Room 13,30,Yes
T004,Teacher_T004,Hindi,9th-A,9th,A,Wednesday,10:00 AM - 11:00 AM,Room 13,30,Yes
T005,Teacher_T005,English,9th-A,9th,A,Wednesday,11:00 AM - 12:00 AM,Room 5,30,Yes
T008,Teacher_T008,Maths,9th-A,9th,A,Wednesday,12:00 AM - 13:00 AM,Room 9,30,Yes
T012,Teacher_T012,Physics,9th-A,9th,A,Wednesday,13:00 AM - 14:00 AM,Room 5,30,Yes
T013,Teacher_T013,Biology,9th-A,9th,A,Wednesday,14:00 AM - 15:00 AM,Room 10,30,Yes
T024,Teacher_T024,Social,9th-A,9th,A,Wednesday,9:00 AM - 10:00 AM,Room 7,30,Yes
T015,Teacher_T015,Games,9th-A,9th,A,Wednesday,10:00 AM - 11:00 AM,Room 14,30,Yes
T002,Teacher_T002,Telugu,9th-A,9th,A,Thursday,9:00 AM - 10:00 AM,Room 18,30,Yes
T017,Teacher_T017,Hindi,9th-A,9th,A,Thursday,10:00 AM - 11:00 AM,Room 16,30,Yes
T005,Teacher_T005,English,9th-A,9th,A,Thursday,11:00 AM - 12:00 AM,Room 9,30,Yes
T020,Teacher_T020,Maths,9th-A,9th,A,Thursday,12:00 AM - 13:00 AM,Room 1,30,Yes
T012,Teacher_T012,Physics,9th-A,9th,A,Thursday,13:00 AM - 14:00 AM,Room 19,30,Yes
T013,Teacher_T013,Biology,9th-A,9th,A,Thursday,14:00 AM - 15:00 AM,Room 15,30,Yes
T024,Teacher_T024,Social,9th-A,9th,A,Thursday,9:00 AM - 10:00 AM,Room 10,30,Yes
T015,Teacher_T015,Games,9th-A,9th,A,Thursday,10:00 AM - 11:00 AM,Room 10,30,Yes
T016,Teacher_T016,Telugu,9th-A,9th,A,Friday,9:00 AM - 10:00 AM,Room 9,30,Yes
T003,Teacher_T003,Hindi,9th-A,9th,A,Friday,10:00 AM - 11:00 AM,Room 20,30,Yes
T005,Teacher_T005,English,9th-A,9th,A,Friday,11:00 AM - 12:00 AM,Room 8,30,Yes
T020,Teacher_T020,Maths,9th-A,9th,A,Friday,12:00 AM - 13:00 AM,Room 17,30,Yes
T022,Teacher_T022,Physics,9th-A,9th,A,Friday,13:00 AM - 14:00 AM,Room 20,30,Yes
T013,Teacher_T013,Biology,9th-A,9th,A,Friday,14:00 AM - 15:00 AM,Room 20,30,Yes
T024,Teacher_T024,Social,9th-A,9th,A,Friday,9:00 AM - 10:00 AM,Room 19,30,Yes
T025,Teacher_T025,Games,9th-A,9th,A,Friday,10:00 AM - 11:00 AM,Room 3,30,Yes
T001,Teacher_T001,Telugu,9th-A,9th,A,Saturday,9:00 AM - 10:00 AM,Room 20,30,Yes
T004,Teacher_T004,Hindi,9th-A,9th,A,Saturday,10:00 AM - 11:00 AM,Room 7,30,Yes
T018,Teacher_T018,English,9th-A,9th,A,Saturday,11:00 AM - 12:00 AM,Room 8,30,Yes
T009,Teacher_T009,Maths,9th-A,9th,A,Saturday,12:00 AM - 13:00 AM,Room 17,30,Yes
T022,Teacher_T022,Physics,9th-A,9th,A,Saturday,13:00 AM - 14:00 AM,Room 14,30,Yes
T013,Teacher_T013,Biology,9th-A,9th,A,Saturday,14:00 AM - 15:00 AM,Room 14,30,Yes
T024,Teacher_T024,Social,9th-A,9th,A,Saturday,9:00 AM - 10:00 AM,Room 15,30,Yes
T025,Teacher_T025,Games,9th-A,9th,A,Saturday,10:00 AM - 11:00 AM,Room 8,30,Yes
T016,Teacher_T016,Telugu,9th-B,9th,B,Monday,9:00 AM - 10:00 AM,Room 12,30,Yes
T017,Teacher_T017,Hindi,9th-B,9th,B,Monday,10:00 AM - 11:00 AM,Room 20,30,Yes
T005,Teacher_T005,English,9th-B,9th,B,Monday,11:00 AM - 12:00 AM,Room 8,30,Yes
T009,Teacher_T009,Maths,9th-B,9th,B,Monday,12:00 AM - 13:00 AM,Room 15,30,Yes
T022,Teacher_T022,Physics,9th-B,9th,B,Monday,13:00 AM - 14:00 AM,Room 7,30,Yes
T023,Teacher_T023,Biology,9th-B,9th,B,Monday,14:00 AM - 15:00 AM,Room 16,30,Yes
T024,Teacher_T024,Social,9th-B,9th,B,Monday,9:00 AM - 10:00 AM,Room 19,30,Yes
T025,Teacher_T025,Games,9th-B,9th,B,Monday,10:00 AM - 11:00 AM,Room 1,30,Yes
T002,Teacher_T002,Telugu,9th-B,9th,B,Tuesday,9:00 AM - 10:00 AM,Room 6,30,Yes
T004,Teacher_T004,Hindi,9th-B,9th,B,Tuesday,10:00 AM - 11:00 AM,Room 5,30,Yes
T019,Teacher_T019,English,9th-B,9th,B,Tuesday,11:00 AM - 12:00 AM,Room 14,30,Yes
T020,Teacher_T020,Maths,9th-B,9th,B,Tuesday,12:00 AM - 13:00 AM,Room 15,30,Yes
T022,Teacher_T022,Physics,9th-B,9th,B,Tuesday,13:00 AM - 14:00 AM,Room 13,30,Yes
T013,Teacher_T013,Biology,9th-B,9th,B,Tuesday,14:00 AM - 15:00 AM,Room 17,30,Yes
T007,Teacher_T007,Social,9th-B,9th,B,Tuesday,9:00 AM - 10:00 AM,Room 14,30,Yes
T015,Teacher_T015,Games,9th-B,9th,B,Tuesday,10:00 AM - 11:00 AM,Room 19,30,Yes
T016,Teacher_T016,Telugu,9th-B,9th,B,Wednesday,9:00 AM - 10:00 AM,Room 12,30,Yes
T017,Teacher_T017,Hindi,9th-B,9th,B,Wednesday,10:00 AM - 11:00 AM,Room 14,30,Yes
T006,Teacher_T006,English,9th-B,9th,B,Wednesday,11:00 AM - 12:00 AM,Room 8,30,Yes
T020,Teacher_T020,Maths,9th-B,9th,B,Wednesday,12:00 AM - 13:00 AM,Room 19,30,Yes
T022,Teacher_T022,Physics,9th-B,9th,B,Wednesday,13:00 AM - 14:00 AM,Room 18,30,Yes
T013,Teacher_T013,Biology,9th-B,9th,B,Wednesday,14:00 AM - 15:00 AM,Room 8,30,Yes
T007,Teacher_T007,Social,9th-B,9th,B,Wednesday,9:00 AM - 10:00 AM,Room 1,30,Yes
T025,Teacher_T025,Games,9th-B,9th,B,Wednesday,10:00 AM - 11:00 AM,Room 18,30,Yes
T016,Teacher_T016,Telugu,9th-B,9th,B,Thursday,9:00 AM - 10:00 AM,Room 12,30,Yes
T004,Teacher_T004,Hindi,9th-B,9th,B,Thursday,10:00 AM - 11:00 AM,Room 8,30,Yes
T019,Teacher_T019,English,9th-B,9th,B,Thursday,11:00 AM - 12:00 AM,Room 2,30,Yes
T020,Teacher_T020,Maths,9th-B,9th,B,Thursday,12:00 AM - 13:00 AM,Room 2,30,Yes
T012,Teacher_T012,Physics,9th-B,9th,B,Thursday,13:00 AM - 14:00 AM,Room 20,30,Yes
T013,Teacher_T013,Biology,9th-B,9th,B,Thursday,14:00 AM - 15:00 AM,Room 16,30,Yes
T024,Teacher_T024,Social,9th-B,9th,B,Thursday,9:00 AM - 10:00 AM,Room 9,30,Yes
T015,Teacher_T015,Games,9th-B,9th,B,Thursday,10:00 AM - 11:00 AM,Room 7,30,Yes
T001,Teacher_T001,Telugu,9th-B,9th,B,Friday,9:00 AM - 10:00 AM,Room 3,30,Yes
T004,Teacher_T004,Hindi,9th-B,9th,B,Friday,10:00 AM - 11:00 AM,Room 18,30,Yes
T005,Teacher_T005,English,9th-B,9th,B,Friday,11:00 AM - 12:00 AM,Room 11,30,Yes
T008,Teacher_T008,Maths,9th-B,9th,B,Friday,12:00 AM - 13:00 AM,Room 12,30,Yes
T022,Teacher_T022,Physics,9th-B,9th,B,Friday,13:00 AM - 14:00 AM,Room 13,30,Yes
T013,Teacher_T013,Biology,9th-B,9th,B,Friday,14:00 AM - 15:00 AM,Room 10,30,Yes
T024,Teacher_T024,Social,9th-B,9th,B,Friday,9:00 AM - 10:00 AM,Room 13,30,Yes
T025,Teacher_T025,Games,9th-B,9th,B,Friday,10:00 AM - 11:00 AM,Room 19,30,Yes
T016,Teacher_T016,Telugu,9th-B,9th,B,Saturday,9:00 AM - 10:00 AM,Room 1,30,Yes
T017,Teacher_T017,Hindi,9th-B,9th,B,Saturday,10:00 AM - 11:00 AM,Room 15,30,Yes
T018,Teacher_T018,English,9th-B,9th,B,Saturday,11:00 AM - 12:00 AM,Room 12,30,Yes
T009,Teacher_T009,Maths,9th-B,9th,B,Saturday,12:00 AM - 13:00 AM,Room 6,30,Yes
T022,Teacher_T022,Physics,9th-B,9th,B,Saturday,13:00 AM - 14:00 AM,Room 6,30,Yes
T013,Teacher_T013,Biology,9th-B,9th,B,Saturday,14:00 AM - 15:00 AM,Room 4,30,Yes
T007,Teacher_T007,Social,9th-B,9th,B,Saturday,9:00 AM - 10:00 AM,Room 18,30,Yes
T015,Teacher_T015,Games,9th-B,9th,B,Saturday,10:00 AM - 11:00 AM,Room 1,30,Yes
T001,Teacher_T001,Telugu,10th-A,10th,A,Monday,9:00 AM - 10:00 AM,Room 7,30,Yes
T004,Teacher_T004,Hindi,10th-A,10th,A,Monday,10:00 AM - 11:00 AM,Room 11,30,Yes
T018,Teacher_T018,English,10th-A,10th,A,Monday,11:00 AM - 12:00 AM,Room 18,30,Yes
T008,Teacher_T008,Maths,10th-A,10th,A,Monday,12:00 AM - 13:00 AM,Room 13,30,Yes
T012,Teacher_T012,Physics,10th-A,10th,A,Monday,13:00 AM - 14:00 AM,Room 5,30,Yes
T013,Teacher_T013,Biology,10th-A,10th,A,Monday,14:00 AM - 15:00 AM,Room 17,30,Yes
T024,Teacher_T024,Social,10th-A,10th,A,Monday,9:00 AM - 10:00 AM,Room 3,30,Yes
T025,Teacher_T025,Games,10th-A,10th,A,Monday,10:00 AM - 11:00 AM,Room 16,30,Yes
T002,Teacher_T002,Telugu,10th-A,10th,A,Tuesday,9:00 AM - 10:00 AM,Room 14,30,Yes
T017,Teacher_T017,Hindi,10th-A,10th,A,Tuesday,10:00 AM - 11:00 AM,Room 6,30,Yes
T005,Teacher_T005,English,10th-A,10th,A,Tuesday,11:00 AM - 12:00 AM,Room 14,30,Yes
T008,Teacher_T008,Maths,10th-A,10th,A,Tuesday,12:00 AM - 13:00 AM,Room 4,30,Yes
T012,Teacher_T012,Physics,10th-A,10th,A,Tuesday,13:00 AM - 14:00 AM,Room 6,30,Yes
T013,Teacher_T013,Biology,10th-A,10th,A,Tuesday,14:00 AM - 15:00 AM,Room 18,30,Yes
T014,Teacher_T014,Social,10th-A,10th,A,Tuesday,9:00 AM - 10:00 AM,Room 9,30,Yes
T015,Teacher_T015,Games,10th-A,10th,A,Tuesday,10:00 AM - 11:00 AM,Room 15,30,Yes
T016,Teacher_T016,Telugu,10th-A,10th,A,Wednesday,9:00 AM - 10:00 AM,Room 4,30,Yes
T017,Teacher_T017,Hindi,10th-A,10th,A,Wednesday,10:00 AM - 11:00 AM,Room 6,30,Yes
T018,Teacher_T018,English,10th-A,10th,A,Wednesday,11:00 AM - 12:00 AM,Room 19,30,Yes
T020,Teacher_T020,Maths,10th-A,10th,A,Wednesday,12:00 AM - 13:00 AM,Room 3,30,Yes
T022,Teacher_T022,Physics,10th-A,10th,A,Wednesday,13:00 AM - 14:00 AM,Room 9,30,Yes
T013,Teacher_T013,Biology,10th-A,10th,A,Wednesday,14:00 AM - 15:00 AM,Room 1,30,Yes
T014,Teacher_T014,Social,10th-A,10th,A,Wednesday,9:00 AM - 10:00 AM,Room 18,30,Yes
T015,Teacher_T015,Games,10th-A,10th,A,Wednesday,10:00 AM - 11:00 AM,Room 15,30,Yes
T002,Teacher_T002,Telugu,10th-A,10th,A,Thursday,9:00 AM - 10:00 AM,Room 19,30,Yes
T017,Teacher_T017,Hindi,10th-A,10th,A,Thursday,10:00 AM - 11:00 AM,Room 12,30,Yes
T006,Teacher_T006,English,10th-A,10th,A,Thursday,11:00 AM - 12:00 AM,Room 5,30,Yes
T020,Teacher_T020,Maths,10th-A,10th,A,Thursday,12:00 AM - 13:00 AM,Room 20,30,Yes
T012,Teacher_T012,Physics,10th-A,10th,A,Thursday,13:00 AM - 14:00 AM,Room 13,30,Yes
T023,Teacher_T023,Biology,10th-A,10th,A,Thursday,14:00 AM - 15:00 AM,Room 7,30,Yes
T007,Teacher_T007,Social,10th-A,10th,A,Thursday,9:00 AM - 10:00 AM,Room 4,30,Yes
T015,Teacher_T015,Games,10th-A,10th,A,Thursday,10:00 AM - 11:00 AM,Room 10,30,Yes
T016,Teacher_T016,Telugu,10th-A,10th,A,Friday,9:00 AM - 10:00 AM,Room 6,30,Yes
T003,Teacher_T003,Hindi,10th-A,10th,A,Friday,10:00 AM - 11:00 AM,Room 15,30,Yes
T005,Teacher_T005,English,10th-A,10th,A,Friday,11:00 AM - 12:00 AM,Room 1,30,Yes
T008,Teacher_T008,Maths,10th-A,10th,A,Friday,12:00 AM - 13:00 AM,Room 11,30,Yes
T012,Teacher_T012,Physics,10th-A,10th,A,Friday,13:00 AM - 14:00 AM,Room 18,30,Yes
T023,Teacher_T023,Biology,10th-A,10th,A,Friday,14:00 AM - 15:00 AM,Room 6,30,Yes
T024,Teacher_T024,Social,10th-A,10th,A,Friday,9:00 AM - 10:00 AM,Room 3,30,Yes
T015,Teacher_T015,Games,10th-A,10th,A,Friday,10:00 AM - 11:00 AM,Room 6,30,Yes
T001,Teacher_T001,Telugu,10th-A,10th,A,Saturday,9:00 AM - 10:00 AM,Room 12,30,Yes
T004,Teacher_T004,Hindi,10th-A,10th,A,Saturday,10:00 AM - 11:00 AM,Room 20,30,Yes
T006,Teacher_T006,English,10th-A,10th,A,Saturday,11:00 AM - 12:00 AM,Room 15,30,Yes
T009,Teacher_T009,Maths,10th-A,10th,A,Saturday,12:00 AM - 13:00 AM,Room 9,30,Yes
T012,Teacher_T012,Physics,10th-A,10th,A,Saturday,13:00 AM - 14:00 AM,Room 17,30,Yes
T023,Teacher_T023,Biology,10th-A,10th,A,Saturday,14:00 AM - 15:00 AM,Room 15,30,Yes
T014,Teacher_T014,Social,10th-A,10th,A,Saturday,9:00 AM - 10:00 AM,Room 1,30,Yes
T015,Teacher_T015,Games,10th-A,10th,A,Saturday,10:00 AM - 11:00 AM,Room 7,30,Yes
T002,Teacher_T002,Telugu,10th-B,10th,B,Monday,9:00 AM - 10:00 AM,Room 5,30,Yes
T003,Teacher_T003,Hindi,10th-B,10th,B,Monday,10:00 AM - 11:00 AM,Room 3,30,Yes
T019,Teacher_T019,English,10th-B,10th,B,Monday,11:00 AM - 12:00 AM,Room 20,30,Yes
T020,Teacher_T020,Maths,10th-B,10th,B,Monday,12:00 AM - 13:00 AM,Room 1,30,Yes
T022,Teacher_T022,Physics,10th-B,10th,B,Monday,13:00 AM - 14:00 AM,Room 13,30,Yes
T023,Teacher_T023,Biology,10th-B,10th,B,Monday,14:00 AM - 15:00 AM,Room 1,30,Yes
T014,Teacher_T014,Social,10th-B,10th,B,Monday,9:00 AM - 10:00 AM,Room 19,30,Yes
T025,Teacher_T025,Games,10th-B,10th,B,Monday,10:00 AM - 11:00 AM,Room 9,30,Yes
T002,Teacher_T002,Telugu,10th-B,10th,B,Tuesday,9:00 AM - 10:00 AM,Room 9,30,Yes
T017,Teacher_T017,Hindi,10th-B,10th,B,Tuesday,10:00 AM - 11:00 AM,Room 17,30,Yes
T019,Teacher_T019,English,10th-B,10th,B,Tuesday,11:00 AM - 12:00 AM,Room 1,30,Yes
T008,Teacher_T008,Maths,10th-B,10th,B,Tuesday,12:00 AM - 13:00 AM,Room 10,30,Yes
T022,Teacher_T022,Physics,10th-B,10th,B,Tuesday,13:00 AM - 14:00 AM,Room 13,30,Yes
T013,Teacher_T013,Biology,10th-B,10th,B,Tuesday,14:00 AM - 15:00 AM,Room 13,30,Yes
T014,Teacher_T014,Social,10th-B,10th,B,Tuesday,9:00 AM - 10:00 AM,Room 5,30,Yes
T015,Teacher_T015,Games,10th-B,10th,B,Tuesday,10:00 AM - 11:00 AM,Room 16,30,Yes
T002,Teacher_T002,Telugu,10th-B,10th,B,Wednesday,9:00 AM - 10:00 AM,Room 12,30,Yes
T004,Teacher_T004,Hindi,10th-B,10th,B,Wednesday,10:00 AM - 11:00 AM,Room 5,30,Yes
T019,Teacher_T019,English,10th-B,10th,B,Wednesday,11:00 AM - 12:00 AM,Room 19,30,Yes
T008,Teacher_T008,Maths,10th-B,10th,B,Wednesday,12:00 AM - 13:00 AM,Room 3,30,Yes
T022,Teacher_T022,Physics,10th-B,10th,B,Wednesday,13:00 AM - 14:00 AM,Room 1,30,Yes
T023,Teacher_T023,Biology,10th-B,10th,B,Wednesday,14:00 AM - 15:00 AM,Room 7,30,Yes
T007,Teacher_T007,Social,10th-B,10th,B,Wednesday,9:00 AM - 10:00 AM,Room 18,30,Yes
T025,Teacher_T025,Games,10th-B,10th,B,Wednesday,10:00 AM - 11:00 AM,Room 15,30,Yes
T002,Teacher_T002,Telugu,10th-B,10th,B,Thursday,9:00 AM - 10:00 AM,Room 6,30,Yes
T017,Teacher_T017,Hindi,10th-B,10th,B,Thursday,10:00 AM - 11:00 AM,Room 15,30,Yes
T019,Teacher_T019,English,10th-B,10th,B,Thursday,11:00 AM - 12:00 AM,Room 10,30,Yes
T020,Teacher_T020,Maths,10th-B,10th,B,Thursday,12:00 AM - 13:00 AM,Room 15,30,Yes
T012,Teacher_T012,Physics,10th-B,10th,B,Thursday,13:00 AM - 14:00 AM,Room 11,30,Yes
T013,Teacher_T013,Biology,10th-B,10th,B,Thursday,14:00 AM - 15:00 AM,Room 18,30,Yes
T007,Teacher_T007,Social,10th-B,10th,B,Thursday,9:00 AM - 10:00 AM,Room 15,30,Yes
T015,Teacher_T015,Games,10th-B,10th,B,Thursday,10:00 AM - 11:00 AM,Room 1,30,Yes
T016,Teacher_T016,Telugu,10th-B,10th,B,Friday,9:00 AM - 10:00 AM,Room 6,30,Yes
T003,Teacher_T003,Hindi,10th-B,10th,B,Friday,10:00 AM - 11:00 AM,Room 6,30,Yes
T005,Teacher_T005,English,10th-B,10th,B,Friday,11:00 AM - 12:00 AM,Room 13,30,Yes
T020,Teacher_T020,Maths,10th-B,10th,B,Friday,12:00 AM - 13:00 AM,Room 14,30,Yes
T022,Teacher_T022,Physics,10th-B,10th,B,Friday,13:00 AM - 14:00 AM,Room 13,30,Yes
T023,Teacher_T023,Biology,10th-B,10th,B,Friday,14:00 AM - 15:00 AM,Room 19,30,Yes
T024,Teacher_T024,Social,10th-B,10th,B,Friday,9:00 AM - 10:00 AM,Room 7,30,Yes
T025,Teacher_T025,Games,10th-B,10th,B,Friday,10:00 AM - 11:00 AM,Room 14,30,Yes
T002,Teacher_T002,Telugu,10th-B,10th,B,Saturday,9:00 AM - 10:00 AM,Room 8,30,Yes
T004,Teacher_T004,Hindi,10th-B,10th,B,Saturday,10:00 AM - 11:00 AM,Room 14,30,Yes
T005,Teacher_T005,English,10th-B,10th,B,Saturday,11:00 AM - 12:00 AM,Room 16,30,Yes
T009,Teacher_T009,Maths,10th-B,10th,B,Saturday,12:00 AM - 13:00 AM,Room 14,30,Yes
T022,Teacher_T022,Physics,10th-B,10th,B,Saturday,13:00 AM - 14:00 AM,Room 18,30,Yes
T013,Teacher_T013,Biology,10th-B,10th,B,Saturday,14:00 AM - 15:00 AM,Room 3,30,Yes
T024,Teacher_T024,Social,10th-B,10th,B,Saturday,9:00 AM - 10:00 AM,Room 13,30,Yes
T025,Teacher_T025,Games,10th-B,10th,B,Saturday,10:00 AM - 11:00 AM,Room 14,30,Yes
